x,M_ext_over_x6
0.015,-0.0002230848006635594
0.01808152787919911,-0.00022284678374850762
0.02116305575839822,-0.0002226090660011027
0.02424458363759733,-0.00022237164700910668
0.02732611151679644,-0.00022213452636072538
0.03040763939599555,-0.00022189770364460827
0.03348916727519466,-0.00022166117844984743
0.03657069515439377,-0.0002214249503659777
0.03965222303359288,-0.00022118901898297548
0.04273375091279199,-0.00022095338389125884
0.0458152787919911,-0.00022071804468168664
0.04889680667119021,-0.0002204830009455581
0.05197833455038932,-0.00022024825227461248
0.05505986242958843,-0.00022001379826102832
0.05814139030878754,-0.00021977963849742298
0.06122291818798665,-0.00021954577257685245
0.06430444606718576,-0.0002193122000928104
0.06738597394638488,-0.00021907892063922796
0.07046750182558398,-0.00021884593381047318
0.07354902970478308,-0.00021861323920135053
0.0766305575839822,-0.00021838083640710027
0.0797120854631813,-0.00021814872502339818
0.08279361334238042,-0.00021791690464635492
0.08587514122157953,-0.0002176853748725155
0.08895666910077864,-0.00021745413529885893
0.09203819697997774,-0.0002172231855227976
0.09511972485917686,-0.0002169925251421768
0.09820125273837597,-0.0002167621537552743
0.10128278061757508,-0.0002165320709607998
0.10436430849677418,-0.00021630227635789444
0.1074458363759733,-0.00021607276954613037
0.11052736425517241,-0.00021584355012551007
0.11360889213437152,-0.00021561461769646612
0.11669042001357062,-0.00021538597185986056
0.11977194789276974,-0.0002151576122169844
0.12285347577196885,-0.0002149295383695572
0.12593500365116794,-0.00021470174991972642
0.12901653153036707,-0.00021447424647006724
0.13209805940956618,-0.00021424702762358168
0.13517958728876528,-0.0002140200929836985
0.1382611151679644,-0.00021379344215427236
0.14134264304716349,-0.00021356707473958367
0.14442417092636262,-0.00021334099034433777
0.14750569880556175,-0.0002131151885736648
0.15058722668476082,-0.00021288966903311882
0.15366875456395995,-0.0002126644313286777
0.15675028244315908,-0.00021243947506674246
0.15983181032235816,-0.0002122147998541367
0.1629133382015573,-0.0002119904052981063
0.16599486608075636,-0.0002117662910063189
0.1690763939599555,-0.0002115424565868632
0.17215792183915463,-0.00021131890164824885
0.1752394497183537,-0.0002110956257994057
0.17832097759755283,-0.00021087262864968336
0.18140250547675196,-0.00021064990980885082
0.18448403335595104,-0.00021042746888709594
0.18756556123515017,-0.00021020530549502485
0.19064708911434924,-0.00020998341924366164
0.19372861699354837,-0.0002097618097444478
0.1968101448727475,-0.00020954047660924169
0.19989167275194658,-0.00020931941945031828
0.2029732006311457,-0.00020909863788036833
0.20605472851034484,-0.0002088781315124983
0.20913625638954392,-0.00020865789996022958
0.21221778426874305,-0.00020843794283749813
0.21529931214794212,-0.00020821825975865404
0.21838084002714125,-0.000207998850338461
0.22146236790634038,-0.00020777971419209585
0.22454389578553946,-0.00020756085093514816
0.2276254236647386,-0.00020734226018361956
0.23070695154393772,-0.0002071239415539236
0.2337884794231368,-0.00020690589466288502
0.23687000730233593,-0.0002066881191277393
0.239951535181535,-0.0002064706145661324
0.24303306306073413,-0.00020625338059612
0.24611459093993326,-0.00020603641683616722
0.24919611881913234,-0.00020581972290514814
0.25227764669833147,-0.00020560329842234538
0.2553591745775306,-0.00020538714300744932
0.2584407024567297,-0.0002051712562805581
0.2615222303359288,-0.00020495563786217691
0.2646037582151279,-0.00020474028737321742
0.267685286094327,-0.00020452520443499755
0.27076681397352614,-0.00020431038866924084
0.2738483418527252,-0.00020409583969807608
0.27692986973192435,-0.00020388155714403682
0.2800113976111235,-0.0002036675406300609
0.28309292549032256,-0.00020345378977948997
0.2861744533695217,-0.00020324030421606907
0.2892559812487208,-0.0002030270835639462
0.2923375091279199,-0.00020281412744767172
0.295419037007119,-0.00020260143549219806
0.29850056488631815,-0.00020238900732287915
0.30158209276551723,-0.00020217684256547001
0.30466362064471636,-0.00020196494084612633
0.30774514852391543,-0.00020175330179140392
0.31082667640311457,-0.0002015419250282583
0.3139082042823137,-0.00020133081018404423
0.31698973216151277,-0.00020111995688651532
0.3200712600407119,-0.0002009093647638235
0.323152787919911,-0.00020069903344451857
0.3262343157991101,-0.00020048896255754785
0.32931584367830924,-0.00020027915173225554
0.3323973715575083,-0.00020006960059838243
0.33547889943670745,-0.0001998603087860654
0.3385604273159066,-0.00019965127592583694
0.34164195519510565,-0.00019944250164862472
0.3447234830743048,-0.00019923398558575114
0.3478050109535039,-0.00019902572736893288
0.350886538832703,-0.00019881772663028053
0.3539680667119021,-0.00019860998300229787
0.3570495945911012,-0.00019840249611788183
0.3601311224703003,-0.00019819526561032168
0.36321265034949946,-0.00019798829111329877
0.36629417822869853,-0.00019778157226088604
0.36937570610789766,-0.00019757510868754767
0.37245723398709674,-0.00019736890002813837
0.37553876186629587,-0.00019716294591790322
0.378620289745495,-0.00019695724599247706
0.3817018176246941,-0.0001967517998878842
0.3847833455038932,-0.00019654660724053766
0.38786487338309233,-0.00019634166768723918
0.3909464012622914,-0.00019613698086517838
0.39402792914149054,-0.00019593254641193253
0.39710945702068967,-0.00019572836396546608
0.40019098489988875,-0.00019552443316413011
0.4032725127790879,-0.00019532075364666205
0.40635404065828695,-0.00019511732505218514
0.4094355685374861,-0.000194914147020208
0.4125170964166852,-0.00019471121919062417
0.4155986242958843,-0.00019450854120371184
0.4186801521750834,-0.0001943061127001331
0.4217616800542825,-0.00019410393332093382
0.4248432079334816,-0.00019390200270754296
0.42792473581268076,-0.00019370032050177236
0.43100626369187983,-0.00019349888634581612
0.43408779157107896,-0.00019329769988225018
0.4371693194502781,-0.00019309676075403206
0.44025084732947717,-0.00019289606860450027
0.4433323752086763,-0.00019269562307737385
0.44641390308787543,-0.00019249542381675203
0.4494954309670745,-0.00019229547046711385
0.45257695884627364,-0.00019209576267331747
0.4556584867254727,-0.0001918963000806001
0.45874001460467184,-0.00019169708233457718
0.461821542483871,-0.00019149810908124232
0.46490307036307005,-0.00019129937996696664
0.4679845982422692,-0.00019110089463849833
0.47106612612146825,-0.0001909026527429624
0.4741476540006674,-0.00019070465392786003
0.4772291818798665,-0.00019050689784106832
0.4803107097590656,-0.0001903093841308398
0.4833922376382647,-0.0001901121124458019
0.48647376551746385,-0.00018991508243495673
0.4895552933966629,-0.00018971829374768052
0.49263682127586206,-0.00018952174603372314
0.4957183491550612,-0.0001893254389432078
0.49879987703426026,-0.00018912937212663063
0.5018814049134593,-0.00018893354523486007
0.5049629327926585,-0.00018873795791913666
0.5080444606718576,-0.00018854260983107256
0.5111259885510567,-0.000188347500622651
0.5142075164302558,-0.00018815262994622604
0.5172890443094549,-0.00018795799745452202
0.520370572188654,-0.00018776360280063325
0.5234521000678531,-0.00018756944563802337
0.5265336279470523,-0.00018737552562052523
0.5296151558262514,-0.00018718184240234026
0.5326966837054504,-0.00018698839563803817
0.5357782115846496,-0.00018679518498255628
0.5388597394638487,-0.00018660221009119955
0.5419412673430478,-0.00018640947061963976
0.545022795222247,-0.00018621696622391518
0.5481043231014461,-0.0001860246965604304
0.5511858509806451,-0.00018583266128595552
0.5542673788598442,-0.00018564086005762605
0.5573489067390434,-0.00018544929253294233
0.5604304346182425,-0.00018525795836976924
0.5635119624974416,-0.00018506685722633558
0.5665934903766406,-0.0001848759887612339
0.5696750182558398,-0.00018468535263341994
0.5727565461350389,-0.00018449494850221216
0.575838074014238,-0.00018430477602729157
0.5789196018934372,-0.00018411483486870106
0.5820011297726363,-0.0001839251246868451
0.5850826576518353,-0.00018373564514248932
0.5881641855310344,-0.0001835463958967601
0.5912457134102336,-0.00018335737661114414
0.5943272412894327,-0.00018316858694748814
0.5974087691686318,-0.0001829800265679982
0.6004902970478309,-0.00018279169513523962
0.60357182492703,-0.00018260359231213634
0.6066533528062291,-0.00018241571776197063
0.6097348806854282,-0.00018222807114838264
0.6128164085646274,-0.00018204065213536994
0.6158979364438264,-0.00018185346038728726
0.6189794643230255,-0.0001816664955688459
0.6220609922022247,-0.00018147975734511342
0.6251425200814238,-0.00018129324538151333
0.6282240479606229,-0.00018110695934382446
0.6313055758398219,-0.0001809208988981808
0.6343871037190211,-0.00018073506371107083
0.6374686315982202,-0.00018054945344933744
0.6405501594774193,-0.0001803640677801772
0.6436316873566185,-0.00018017890637114014
0.6467132152358176,-0.00017999396889012935
0.6497947431150166,-0.00017980925500540057
0.6528762709942157,-0.00017962476438556168
0.6559577988734149,-0.00017944049669957245
0.659039326752614,-0.00017925645161674398
0.6621208546318131,-0.0001790726288067385
0.6652023825110122,-0.00017888902793956882
0.6682839103902113,-0.00017870564868559792
0.6713654382694104,-0.00017852249071553867
0.6744469661486096,-0.00017833955370045334
0.6775284940278087,-0.00017815683731175322
0.6806100219070078,-0.00017797434122119823
0.6836915497862068,-0.0001777920651008966
0.686773077665406,-0.00017761000862330422
0.6898546055446051,-0.0001774281714612246
0.6929361334238042,-0.00017724655328780822
0.6960176613030034,-0.0001770651537765522
0.6990991891822024,-0.00017688397260129997
0.7021807170614015,-0.00017670300943624078
0.7052622449406006,-0.00017652226395590932
0.7083437728197998,-0.00017634173583518542
0.7114253006989989,-0.00017616142474929364
0.7145068285781979,-0.0001759813303738026
0.717588356457397,-0.00017580145238462518
0.7206698843365962,-0.0001756217904580174
0.7237514122157953,-0.0001754423442705787
0.7268329400949944,-0.000175263113499251
0.7299144679741935,-0.0001750840978213188
0.7329959958533926,-0.00017490529691440834
0.7360775237325917,-0.0001747267104564875
0.7391590516117909,-0.0001745483381258654
0.74224057949099,-0.00017437017960119183
0.7453221073701891,-0.000174192234561457
0.7484036352493881,-0.00017401450268599123
0.7514851631285873,-0.00017383698365446435
0.7545666910077864,-0.00017365967714688544
0.7576482188869855,-0.00017348258284360243
0.7607297467661847,-0.0001733057004253018
0.7638112746453837,-0.00017312902957300797
0.7668928025245828,-0.0001729525699680832
0.7699743304037819,-0.0001727763212922269
0.7730558582829811,-0.00017260028322747557
0.7761373861621802,-0.00017242445545620217
0.7792189140413793,-0.0001722488376611158
0.7823004419205783,-0.00017207342952526138
0.7853819697997775,-0.0001718982307320192
0.7884634976789766,-0.0001717232409651046
0.7915450255581757,-0.00017154845990856752
0.7946265534373749,-0.0001713738872467922
0.7977080813165739,-0.00017119952266449672
0.800789609195773,-0.0001710253658467326
0.8038711370749722,-0.00017085141647888458
0.8069526649541713,-0.00017067767424667007
0.8100341928333704,-0.00017050413883613888
0.8131157207125694,-0.00017033080993367273
0.8161972485917686,-0.00017015768722598507
0.8192787764709677,-0.00016998477040012044
0.8223603043501668,-0.00016981205914345427
0.825441832229366,-0.00016963955314369252
0.828523360108565,-0.0001694672520888712
0.8316048879877641,-0.000169295155667356
0.8346864158669632,-0.00016912326356784206
0.8377679437461624,-0.00016895157547935338
0.8408494716253615,-0.00016878009109124264
0.8439309995045606,-0.00016860881009319077
0.8470125273837597,-0.00016843773217520644
0.8500940552629588,-0.0001682668570276259
0.8531755831421579,-0.0001680961843411124
0.856257111021357,-0.0001679257138066561
0.8593386389005562,-0.00016775544511557334
0.8624201667797552,-0.00016758537795950654
0.8655016946589543,-0.00016741551203042378
0.8685832225381535,-0.00016724584702061828
0.8716647504173526,-0.00016707638262270828
0.8747462782965517,-0.00016690711852963643
0.8778278061757508,-0.00016673805443466952
0.8809093340549499,-0.0001665691900313982
0.883990861934149,-0.00016640052501373648
0.8870723898133481,-0.0001662320590759214
0.8901539176925473,-0.00016606379191251268
0.8932354455717464,-0.00016589572321839234
0.8963169734509454,-0.00016572785268876444
0.8993985013301445,-0.0001655601800191544
0.9024800292093437,-0.00016539270490540905
0.9055615570885428,-0.000165225427043696
0.9086430849677419,-0.0001650583461305033
0.911724612846941,-0.0001648914618626392
0.9148061407261401,-0.00016472477393723157
0.9178876686053392,-0.0001645582820517278
0.9209691964845383,-0.00016439198590389426
0.9240507243637375,-0.00016422588519181597
0.9271322522429365,-0.00016405997961389625
0.9302137801221356,-0.0001638942688688564
0.9332953080013348,-0.00016372875265573518
0.9363768358805339,-0.00016356343067388876
0.939458363759733,-0.00016339830262299
0.9425398916389321,-0.00016323336820302836
0.9456214195181312,-0.00016306862711430937
0.9487029473973303,-0.00016290407905745436
0.9517844752765294,-0.0001627397237334001
0.9548660031557286,-0.00016257556084339842
0.9579475310349277,-0.00016241159008901582
0.9610290589141267,-0.0001622478111721332
0.9641105867933258,-0.00016208422379494536
0.967192114672525,-0.00016192082765996085
0.9702736425517241,-0.0001617576224700014
0.9733551704309232,-0.00016159460792820171
0.9764366983101224,-0.00016143178373800903
0.9795182261893214,-0.00016126914960318283
0.9825997540685205,-0.00016110670522779445
0.9856812819477196,-0.00016094445031622663
0.9887628098269188,-0.00016078238457317343
0.9918443377061179,-0.0001606205077036396
0.9949258655853169,-0.00016045881941294024
0.9980073934645161,-0.00016029731940670077
1.001088921343715,-0.00016013600739085617
1.0041704492229142,-0.00015997488307165086
1.0072519771021133,-0.00015981394615563826
1.0103335049813125,-0.00015965319634968052
1.0134150328605116,-0.00015949263336094814
1.0164965607397107,-0.00015933225689691952
1.0195780886189096,-0.00015917206666538078
1.0226596164981088,-0.00015901206237442525
1.025741144377308,-0.00015885224373245324
1.028822672256507,-0.00015869261044817163
1.0319042001357062,-0.00015853316223059352
1.0349857280149053,-0.000158373898789038
1.0380672558941044,-0.00015821481983312953
1.0411487837733036,-0.00015805592507279792
1.0442303116525027,-0.00015789721421827774
1.0473118395317018,-0.00015773868698010815
1.0503933674109007,-0.00015758034306913234
1.0534748952900999,-0.00015742218219649744
1.056556423169299,-0.00015726420407365398
1.0596379510484981,-0.00015710640841235565
1.0627194789276972,-0.00015694879492465883
1.0658010068068964,-0.00015679136332292248
1.0688825346860955,-0.00015663411331980756
1.0719640625652946,-0.00015647704462827677
1.0750455904444938,-0.00015632015696159427
1.078127118323693,-0.00015616345003332524
1.081208646202892,-0.00015600692355733563
1.084290174082091,-0.00015585057724779174
1.08737170196129,-0.0001556944108191599
1.0904532298404892,-0.00015553842398620616
1.0935347577196883,-0.00015538261646399595
1.0966162855988875,-0.0001552269879678937
1.0996978134780866,-0.00015507153821356254
1.1027793413572857,-0.00015491626691696385
1.1058608692364849,-0.0001547611737943572
1.108942397115684,-0.00015460625856229964
1.1120239249948831,-0.0001544515209376457
1.1151054528740822,-0.00015429696063754675
1.1181869807532812,-0.00015414257737945096
1.1212685086324803,-0.0001539883708811027
1.1243500365116794,-0.0001538343408605424
1.1274315643908785,-0.00015368048703610614
1.1305130922700777,-0.00015352680912642522
1.1335946201492768,-0.000153373306850426
1.136676148028476,-0.0001532199799273295
1.139757675907675,-0.000153066828076651
1.1428392037868742,-0.00015291385101819967
1.1459207316660733,-0.0001527610484720785
1.1490022595452725,-0.0001526084201586837
1.1520837874244714,-0.00015245596579870443
1.1551653153036705,-0.0001523036851131225
1.1582468431828696,-0.00015215157782321205
1.1613283710620688,-0.00015199964365053916
1.164409898941268,-0.00015184788231696164
1.167491426820467,-0.00015169629354462857
1.1705729546996662,-0.00015154487705597994
1.1736544825788653,-0.00015139363257374658
1.1767360104580644,-0.00015124255982094942
1.1798175383372635,-0.00015109165852089957
1.1828990662164625,-0.00015094092839719773
1.1859805940956616,-0.00015079036917373397
1.1890621219748607,-0.00015063998057468733
1.1921436498540599,-0.00015048976232452554
1.195225177733259,-0.00015033971414800477
1.1983067056124581,-0.0001501898357701691
1.2013882334916572,-0.0001500401269163504
1.2044697613708564,-0.00014989058731216786
1.2075512892500555,-0.00014974121668352778
1.2106328171292546,-0.00014959201475662316
1.2137143450084538,-0.00014944298125793337
1.2167958728876527,-0.00014929411591422395
1.2198774007668518,-0.00014914541845254605
1.222958928646051,-0.00014899688860023637
1.22604045652525,-0.0001488485260849167
1.2291219844044492,-0.0001487003306344935
1.2322035122836483,-0.0001485523019771579
1.2352850401628475,-0.00014840443984138492
1.2383665680420466,-0.0001482567439559336
1.2414480959212457,-0.00014810921404984634
1.2445296238004449,-0.0001479618498524488
1.2476111516796438,-0.00014781465109334945
1.250692679558843,-0.0001476676175024393
1.253774207438042,-0.00014752074880989153
1.2568557353172412,-0.00014737404474616126
1.2599372631964403,-0.00014722750504198522
1.2630187910756394,-0.00014708112942838126
1.2661003189548385,-0.00014693491763664832
1.2691818468340377,-0.00014678886939836582
1.2722633747132368,-0.0001466429844453936
1.275344902592436,-0.0001464972625098714
1.278426430471635,-0.00014635170332421858
1.281507958350834,-0.000146206306621134
1.284589486230033,-0.00014606107213359536
1.2876710141092322,-0.00014591599959485927
1.2907525419884314,-0.00014577108873846056
1.2938340698676305,-0.0001456263392982123
1.2969155977468296,-0.00014548175100820518
1.2999971256260288,-0.00014533732360280741
1.303078653505228,-0.0001451930568166644
1.306160181384427,-0.00014504895038469826
1.3092417092636262,-0.00014490500404210774
1.3123232371428253,-0.0001447612175243677
1.3154047650220242,-0.00014461759056722887
1.3184862929012233,-0.00014447412290671767
1.3215678207804225,-0.0001443308142791356
1.3246493486596216,-0.00014418766442105934
1.3277308765388207,-0.00014404467306933997
1.3308124044180198,-0.0001439018399611031
1.333893932297219,-0.00014375916483374822
1.336975460176418,-0.00014361664742494856
1.3400569880556172,-0.00014347428747265076
1.3431385159348164,-0.00014333208471507458
1.3462200438140155,-0.0001431900388907125
1.3493015716932144,-0.00014304814973832949
1.3523830995724135,-0.00014290641699696267
1.3554646274516127,-0.00014276484040592102
1.3585461553308118,-0.00014262341970478512
1.361627683210011,-0.00014248215463340665
1.36470921108921,-0.00014234104493190838
1.3677907389684092,-0.00014220009034068357
1.3708722668476083,-0.00014205929060039592
1.3739537947268075,-0.000141918645451979
1.3770353226060066,-0.00014177815463663624
1.3801168504852055,-0.00014163781789584034
1.3831983783644046,-0.00014149763497133317
1.3862799062436038,-0.00014135760560512537
1.3893614341228029,-0.00014121772953949607
1.392442962002002,-0.0001410780065169925
1.3955244898812011,-0.00014093843628042998
1.3986060177604003,-0.0001407990185728912
1.4016875456395994,-0.0001406597531377262
1.4047690735187985,-0.00014052063971855202
1.4078506013979977,-0.00014038167805925227
1.4109321292771968,-0.0001402428679039771
1.4140136571563957,-0.00014010420899714254
1.4170951850355948,-0.0001399657010834305
1.420176712914794,-0.00013982734390778832
1.423258240793993,-0.0001396891372154285
1.4263397686731922,-0.00013955108075182842
1.4294212965523914,-0.00013941317426273
1.4325028244315905,-0.00013927541749413948
1.4355843523107896,-0.00013913781019232697
1.4386658801899888,-0.0001390003521038263
1.4417474080691879,-0.00013886304297543476
1.4448289359483868,-0.0001387258825542126
1.447910463827586,-0.00013858887058748278
1.450991991706785,-0.00013845200682283094
1.4540735195859842,-0.00013831529100810473
1.4571550474651833,-0.00013817872289141375
1.4602365753443824,-0.0001380423022211292
1.4633181032235816,-0.00013790602874588353
1.4663996311027807,-0.00013776990221457024
1.4694811589819798,-0.00013763392237634345
1.472562686861179,-0.00013749808898061777
1.475644214740378,-0.0001373624017770679
1.478725742619577,-0.00013722686051562832
1.4818072704987761,-0.00013709146494649306
1.4848887983779753,-0.00013695621482011543
1.4879703262571744,-0.0001368211098872076
1.4910518541363735,-0.00013668614989874038
1.4941333820155727,-0.000136551334605943
1.4972149098947718,-0.0001364166637603027
1.500296437773971,-0.0001362821371135646
1.50337796565317,-0.0001361477544177311
1.5064594935323692,-0.00013601351542506194
1.5095410214115683,-0.00013587941988807366
1.5126225492907672,-0.00013574546755953956
1.5157040771699664,-0.00013561165819248906
1.5187856050491655,-0.00013547799154020772
1.5218671329283646,-0.00013534446735623685
1.5249486608075637,-0.0001352110853943731
1.5280301886867629,-0.0001350778454086684
1.531111716565962,-0.00013494474715342953
1.5341932444451611,-0.00013481179038321784
1.5372747723243603,-0.00013467897485284884
1.5403563002035594,-0.00013454630031739227
1.5434378280827585,-0.00013441376653217145
1.5465193559619574,-0.00013428137325276323
1.5496008838411566,-0.00013414912023499746
1.5526824117203557,-0.00013401700723495707
1.5557639395995548,-0.00013388503400897734
1.558845467478754,-0.00013375320031364595
1.561926995357953,-0.00013362150590580263
1.5650085232371522,-0.00013348995054253879
1.5680900511163514,-0.00013335853398119718
1.5711715789955505,-0.00013322725597937184
1.5742531068747496,-0.00013309611629490768
1.5773346347539485,-0.00013296511468590013
1.5804161626331477,-0.00013283425091069486
1.5834976905123468,-0.00013270352472788773
1.586579218391546,-0.0001325729358963242
1.589660746270745,-0.00013244248417509927
1.5927422741499442,-0.0001323121693235571
1.5958238020291433,-0.00013218199110129062
1.5989053299083424,-0.00013205194926814163
1.6019868577875416,-0.0001319220435842
1.6050683856667407,-0.00013179227380980378
1.6081499135459398,-0.0001316626397055388
1.6112314414251387,-0.00013153314103223835
1.6143129693043379,-0.00013140377755098293
1.617394497183537,-0.00013127454902309998
1.6204760250627361,-0.00013114545521016358
1.6235575529419353,-0.0001310164958739942
1.6266390808211344,-0.00013088767077665842
1.6297206087003335,-0.00013075897968046864
1.6328021365795327,-0.0001306304223479828
1.6358836644587318,-0.00013050199854200404
1.638965192337931,-0.0001303737080255806
1.6420467202171298,-0.0001302455505620054
1.645128248096329,-0.00013011752591481567
1.648209775975528,-0.00012998963384779302
1.6512913038547272,-0.00012986187412496276
1.6543728317339264,-0.0001297342465105939
1.6574543596131255,-0.00012960675076919875
1.6605358874923246,-0.00012947938666553273
1.6636174153715237,-0.000129352153964594
1.6666989432507229,-0.0001292250524316233
1.669780471129922,-0.00012909808183210342
1.6728619990091211,-0.00012897124193175932
1.67594352688832,-0.0001288445324965576
1.6790250547675192,-0.00012871795329270626
1.6821065826467183,-0.0001285915040866544
1.6851881105259174,-0.0001284651846450921
1.6882696384051166,-0.00012833899473494996
1.6913511662843157,-0.00012821293412339894
1.6944326941635148,-0.00012808700257785005
1.697514222042714,-0.0001279611998659542
1.700595749921913,-0.00012783552575560157
1.7036772778011122,-0.0001277099800149218
1.7067588056803114,-0.0001275845624122835
1.7098403335595103,-0.00012745927271629392
1.7129218614387094,-0.0001273341106957988
1.7160033893179085,-0.000127209076119882
1.7190849171971077,-0.0001270841687578653
1.7221664450763068,-0.00012695938837930818
1.725247972955506,-0.00012683473475400738
1.728329500834705,-0.00012671020765199687
1.7314110287139042,-0.00012658580684354737
1.7344925565931033,-0.00012646153209916613
1.7375740844723024,-0.00012633738318959675
1.7406556123515016,-0.00012621335988581892
1.7437371402307005,-0.00012608946195904807
1.7468186681098996,-0.00012596568918073501
1.7499001959890987,-0.00012584204132256595
1.7529817238682979,-0.00012571851815646197
1.756063251747497,-0.0001255951194545789
1.7591447796266961,-0.00012547184498930698
1.7622263075058953,-0.0001253486945332707
1.7653078353850944,-0.00012522566785932835
1.7683893632642935,-0.000125102764740572
1.7714708911434927,-0.00012497998495032703
1.7745524190226916,-0.0001248573282621519
1.7776339469018907,-0.00012473479444983802
1.7807154747810898,-0.00012461238328740934
1.783797002660289,-0.00012449009454912227
1.786878530539488,-0.0001243679280094651
1.7899600584186872,-0.00012424588344315805
1.7930415862978863,-0.00012412396062515293
1.7961231141770855,-0.0001240021593306327
1.7992046420562846,-0.00012388047933501153
1.8022861699354837,-0.0001237589204139342
1.8053676978146829,-0.00012363748234327617
1.8084492256938818,-0.00012351616489914298
1.811530753573081,-0.00012339496785787024
1.81461228145228,-0.00012327389099602332
1.8176938093314792,-0.00012315293409039703
1.8207753372106783,-0.00012303209691801539
1.8238568650898774,-0.0001229113792561314
1.8269383929690766,-0.00012279078088222675
1.8300199208482757,-0.00012267030157401163
1.8331014487274748,-0.00012254994110942429
1.836182976606674,-0.00012242969926663103
1.8392645044858729,-0.00012230957582402577
1.842346032365072,-0.00012218957056022982
1.8454275602442711,-0.00012206968325409172
1.8485090881234703,-0.00012194991368468689
1.8515906160026694,-0.00012183026163131734
1.8546721438818685,-0.00012171072687351152
1.8577536717610676,-0.00012159130919102407
1.8608351996402668,-0.00012147200836383543
1.863916727519466,-0.00012135282417215176
1.866998255398665,-0.00012123375639640448
1.8700797832778642,-0.00012111480481725022
1.873161311157063,-0.00012099596921557043
1.8762428390362622,-0.00012087724937247128
1.8793243669154613,-0.00012075864506928313
1.8824058947946605,-0.00012064015608756067
1.8854874226738596,-0.00012052178220908221
1.8885689505530587,-0.00012040352321584984
1.8916504784322579,-0.00012028537889008897
1.894732006311457,-0.00012016734901424807
1.8978135341906561,-0.00012004943337099853
1.9008950620698553,-0.00011993163174323425
1.9039765899490544,-0.00011981394391407159
1.9070581178282533,-0.00011969636966684894
1.9101396457074524,-0.00011957890878512658
1.9132211735866516,-0.00011946156105268639
1.9163027014658507,-0.00011934432625353157
1.9193842293450498,-0.00011922720417188643
1.922465757224249,-0.0001191101945921962
1.925547285103448,-0.00011899329729912666
1.9286288129826472,-0.00011887651207756398
1.9317103408618463,-0.00011875983871261438
1.9347918687410455,-0.00011864327698960403
1.9378733966202446,-0.00011852682669407871
1.9409549244994435,-0.00011841048761180351
1.9440364523786426,-0.00011829425952876267
1.9471179802578418,-0.00011817814223115935
1.950199508137041,-0.00011806213550541527
1.95328103601624,-0.00011794623913817058
1.9563625638954392,-0.00011783045291628361
1.9594440917746383,-0.0001177147766268305
1.9625256196538374,-0.00011759921005710509
1.9656071475330366,-0.00011748375299461866
1.9686886754122357,-0.00011736840522709953
1.9717702032914346,-0.0001172531665424931
1.9748517311706337,-0.00011713803672896133
1.9779332590498329,-0.00011702301557488269
1.981014786929032,-0.0001169081028688517
1.9840963148082311,-0.000116793298399679
1.9871778426874303,-0.0001166786019563908
1.9902593705666294,-0.00011656401332822886
1.9933408984458285,-0.00011644953230465009
1.9964224263250276,-0.00011633515867532645
1.9995039542042268,-0.00011622089223014453
2.002585482083426,-0.0001161067327592055
2.005667009962625,-0.0001159926800528248
2.008748537841824,-0.00011587873390153174
2.011830065721023,-0.00011576489409606953
2.0149115936002224,-0.00011565116042739494
2.017993121479422,-0.00011553753268667789
2.0210746493586207,-0.00011542401066530153
2.0241561772378196,-0.00011531059415486166
2.027237705117019,-0.00011519728294716672
2.030319232996218,-0.00011508407683423751
2.033400760875417,-0.00011497097560830687
2.036482288754616,-0.00011485797906181956
2.0395638166338155,-0.00011474508698743195
2.0426453445130144,-0.0001146322991780117
2.0457268723922137,-0.00011451961542663776
2.0488084002714126,-0.00011440703552659994
2.051889928150612,-0.00011429455927139862
2.054971456029811,-0.00011418218645474476
2.05805298390901,-0.00011406991687055948
2.061134511788209,-0.00011395775031297377
2.064216039667408,-0.00011384568657632847
2.0672975675466074,-0.00011373372545517384
2.0703790954258063,-0.00011362186674426944
2.0734606233050057,-0.00011351011023858382
2.0765421511842046,-0.00011339845573329436
2.079623679063404,-0.00011328690302378693
2.082705206942603,-0.00011317545190565576
2.0857867348218018,-0.00011306410217470319
2.088868262701001,-0.00011295285362693933
2.0919497905802,-0.00011284170605858206
2.0950313184593994,-0.00011273065926605646
2.0981128463385983,-0.00011261971304599492
2.1011943742177976,-0.00011250886719523661
2.1042759020969966,-0.00011239812151082757
2.107357429976196,-0.00011228747579002013
2.110438957855395,-0.00011217692983027295
2.113520485734594,-0.00011206648342925058
2.116602013613793,-0.00011195613638482349
2.119683541492992,-0.00011184588849506751
2.1227650693721913,-0.00011173573955826397
2.1258465972513902,-0.000111625689372899
2.1289281251305896,-0.00011151573773766388
2.1320096530097885,-0.0001114058844514543
2.135091180888988,-0.00011129612931337035
2.1381727087681868,-0.00011118647212271641
2.141254236647386,-0.0001110769126790006
2.144335764526585,-0.00011096745078193492
2.1474172924057844,-0.00011085808623143462
2.1504988202849833,-0.00011074881882761843
2.153580348164182,-0.00011063964837080794
2.1566618760433816,-0.00011053057466152759
2.1597434039225805,-0.00011042159750050428
2.16282493180178,-0.00011031271668866738
2.1659064596809787,-0.0001102039320271483
2.168987987560178,-0.0001100952433172803
2.172069515439377,-0.00010998665036059834
2.1751510433185763,-0.00010987815295883881
2.1782325711977752,-0.00010976975091393921
2.1813140990769746,-0.0001096614440280381
2.1843956269561735,-0.00010955323210347483
2.1874771548353724,-0.00010944511494278918
2.1905586827145718,-0.00010933709234872121
2.1936402105937707,-0.00010922916412421118
2.19672173847297,-0.00010912133007239907
2.199803266352169,-0.00010901358999662464
2.2028847942313683,-0.00010890594370042691
2.205966322110567,-0.00010879839098754411
2.2090478499897666,-0.0001086909316619135
2.2121293778689655,-0.00010858356552767101
2.215210905748165,-0.0001084762923891511
2.2182924336273637,-0.00010836911205088653
2.2213739615065626,-0.00010826202431760811
2.224455489385762,-0.0001081550289942445
2.227537017264961,-0.00010804812588592203
2.2306185451441602,-0.0001079413147979643
2.233700073023359,-0.00010783459553589227
2.2367816009025585,-0.0001077279679054238
2.2398631287817574,-0.0001076214317124734
2.2429446566609568,-0.00010751498676315217
2.2460261845401557,-0.0001074086328637676
2.249107712419355,-0.00010730236982082306
2.252189240298554,-0.00010719619744101798
2.255270768177753,-0.00010709011553124738
2.258352296056952,-0.00010698412389860155
2.261433823936151,-0.00010687822235036619
2.2645153518153505,-0.0001067724106940219
2.2675968796945494,-0.00010666668873724407
2.2706784075737487,-0.00010656105628790257
2.2737599354529476,-0.00010645551315406173
2.276841463332147,-0.00010635005914397987
2.279922991211346,-0.00010624469406610931
2.2830045190905452,-0.00010613941772909595
2.286086046969744,-0.00010603422994177925
2.289167574848943,-0.0001059291305131919
2.2922491027281424,-0.00010582411925255952
2.2953306306073413,-0.00010571919596930073
2.2984121584865407,-0.00010561436047302657
2.3014936863657396,-0.00010550961257354061
2.304575214244939,-0.00010540495208083848
2.307656742124138,-0.00010530037880510783
2.310738270003337,-0.00010519589255672802
2.313819797882536,-0.00010509149314626997
2.316901325761735,-0.00010498718038449588
2.3199828536409344,-0.000104882954082359
2.3230643815201333,-0.00010477881405100367
2.3261459093993326,-0.00010467476010176465
2.3292274372785315,-0.00010457079204616731
2.332308965157731,-0.00010446690969592713
2.33539049303693,-0.00010436311286294984
2.338472020916129,-0.0001042594013593308
2.341553548795328,-0.00010415577499735509
2.3446350766745274,-0.00010405223358949704
2.3477166045537263,-0.0001039487769484204
2.3507981324329252,-0.00010384540488697763
2.3538796603121246,-0.00010374211721821015
2.3569611881913235,-0.00010363891375534786
2.360042716070523,-0.000103535794311809
2.3631242439497218,-0.00010343275870119992
2.366205771828921,-0.00010332980673731493
2.36928729970812,-0.00010322693823413602
2.3723688275873194,-0.00010312415300583273
2.3754503554665183,-0.00010302145086676184
2.3785318833457176,-0.00010291883163146717
2.3816134112249165,-0.00010281629511467956
2.3846949391041155,-0.00010271384113131639
2.387776466983315,-0.00010261146949648153
2.3908579948625137,-0.00010250918002546504
2.393939522741713,-0.00010240697253374315
2.397021050620912,-0.00010230484683697782
2.4001025785001113,-0.00010220280275101664
2.4031841063793102,-0.0001021008400918927
2.4062656342585096,-0.00010199895867582424
2.4093471621377085,-0.00010189715831921443
2.412428690016908,-0.00010179543883865135
2.4155102178961068,-0.00010169380005090767
2.4185917457753057,-0.00010159224177294036
2.421673273654505,-0.0001014907638218906
2.424754801533704,-0.00010138936601508363
2.4278363294129033,-0.00010128804817002827
2.430917857292102,-0.00010118681010441712
2.4339993851713015,-0.00010108565163612598
2.4370809130505005,-0.00010098457258321388
2.4401624409297,-0.00010088357276392279
2.4432439688088987,-0.00010078265199667739
2.446325496688098,-0.00010068181010008492
2.449407024567297,-0.00010058104689293497
2.452488552446496,-0.00010048036219419927
2.4555700803256952,-0.00010037975582303144
2.458651608204894,-0.00010027922759876685
2.4617331360840935,-0.00010017877734092241
2.4648146639632924,-0.00010007840486919633
2.4678961918424918,-9.997811000346797e-05
2.4709777197216907,-9.987789256379756e-05
2.47405924760089,-9.977775237042606e-05
2.477140775480089,-9.967768924377502e-05
2.480222303359288,-9.957770300444621e-05
2.483303831238487,-9.94777934732215e-05
2.486385359117686,-9.937796047106281e-05
2.4894668869968855,-9.927820381911158e-05
2.4925484148760844,-9.917852333868893e-05
2.4956299427552837,-9.907891885129518e-05
2.4987114706344826,-9.89793901786098e-05
2.501792998513682,-9.88799371424912e-05
2.504874526392881,-9.878055956497644e-05
2.5079560542720802,-9.868125726828114e-05
2.511037582151279,-9.858203007479924e-05
2.514119110030478,-9.848287780710272e-05
2.5172006379096774,-9.838380028794154e-05
2.5202821657888763,-9.82847973402434e-05
2.5233636936680757,-9.818586878711351e-05
2.5264452215472746,-9.80870144518343e-05
2.529526749426474,-9.798823415786543e-05
2.532608277305673,-9.78895277288435e-05
2.535689805184872,-9.779089498858178e-05
2.538771333064071,-9.769233576107007e-05
2.5418528609432705,-9.75938498704745e-05
2.5449343888224694,-9.749543714113748e-05
2.5480159167016683,-9.739709739757719e-05
2.5510974445808676,-9.729883046448757e-05
2.5541789724600665,-9.720063616673827e-05
2.557260500339266,-9.710251432937413e-05
2.560342028218465,-9.70044647776152e-05
2.563423556097664,-9.690648733685652e-05
2.566505083976863,-9.680858183266791e-05
2.5695866118560624,-9.671074809079377e-05
2.5726681397352613,-9.661298593715276e-05
2.5757496676144607,-9.65152951978379e-05
2.5788311954936596,-9.641767569911617e-05
2.5819127233728585,-9.632012726742826e-05
2.584994251252058,-9.622264972938847e-05
2.5880757791312567,-9.612524291178465e-05
2.591157307010456,-9.602790664157775e-05
2.594238834889655,-9.593064074590177e-05
2.5973203627688544,-9.583344505206356e-05
2.6004018906480533,-9.573631938754266e-05
2.6034834185272526,-9.563926357999097e-05
2.6065649464064515,-9.55422774572327e-05
2.609646474285651,-9.544536084726408e-05
2.61272800216485,-9.534851357825334e-05
2.6158095300440487,-9.525173547854024e-05
2.618891057923248,-9.515502637663614e-05
2.621972585802447,-9.505838610122362e-05
2.6250541136816463,-9.496181448115648e-05
2.6281356415608452,-9.486531134545931e-05
2.6312171694400446,-9.476887652332758e-05
2.6342986973192435,-9.467250984412721e-05
2.637380225198443,-9.457621113739444e-05
2.6404617530776417,-9.447998023283577e-05
2.643543280956841,-9.438381696032757e-05
2.64662480883604,-9.428772114991611e-05
2.649706336715239,-9.419169263181714e-05
2.6527878645944383,-9.409573123641593e-05
2.655869392473637,-9.399983679426686e-05
2.6589509203528365,-9.390400913609339e-05
2.6620324482320354,-9.380824809278786e-05
2.665113976111235,-9.371255349541123e-05
2.6681955039904337,-9.361692517519286e-05
2.671277031869633,-9.352136296353054e-05
2.674358559748832,-9.342586669199003e-05
2.6774400876280313,-9.333043619230506e-05
2.6805216155072302,-9.323507129637704e-05
2.683603143386429,-9.313977183627492e-05
2.6866846712656285,-9.304453764423504e-05
2.6897661991448274,-9.294936855266086e-05
2.6928477270240267,-9.285426439412277e-05
2.6959292549032257,-9.275922500135806e-05
2.699010782782425,-9.266425020727057e-05
2.702092310661624,-9.256933984493055e-05
2.7051738385408233,-9.247449374757448e-05
2.708255366420022,-9.237971174860495e-05
2.711336894299221,-9.228499368159031e-05
2.7144184221784204,-9.219033938026466e-05
2.7174999500576194,-9.209574867852765e-05
2.7205814779368187,-9.200122141044413e-05
2.7236630058160176,-9.19067574102441e-05
2.726744533695217,-9.181235651232261e-05
2.729826061574416,-9.171801855123941e-05
2.7329075894536152,-9.16237433617187e-05
2.735989117332814,-9.152953077864936e-05
2.7390706452120135,-9.143538063708418e-05
2.7421521730912124,-9.134129277224025e-05
2.7452337009704113,-9.124726701949835e-05
2.7483152288496107,-9.115330321440289e-05
2.7513967567288096,-9.105940119266195e-05
2.754478284608009,-9.096556079014678e-05
2.757559812487208,-9.087178184289177e-05
2.760641340366407,-9.077806418709424e-05
2.763722868245606,-9.06844076591144e-05
2.7668043961248054,-9.059081209547485e-05
2.7698859240040044,-9.049727733286071e-05
2.7729674518832037,-9.040380320811929e-05
2.7760489797624026,-9.031038955825994e-05
2.7791305076416015,-9.021703622045393e-05
2.782212035520801,-9.01237430320341e-05
2.7852935634,-9.00305098304949e-05
