x,varpi,defect,choi_trace_distance,ratio
0.0001,1.0,3.255506700303048075218e-23,9.654372283143969520274e-23,0.337205424115143455
0.00010523363296222022,1.0,4.201394814789816141824e-23,1.245938536947549771356e-22,0.337207228944286367
0.0001107411750642727,1.0,5.422112268299365726632e-23,1.607937571847007577428e-22,0.337209128217029445
0.00011653696170518647,1.0,6.997511662043743009261e-23,2.075112920175093428451e-22,0.337211126874642971
0.00012263607854615907,1.0,9.030647217124486648411e-23,2.678022808890253907698e-22,0.337213230116837477
0.00012905440077652511,1.0,1.165451619740766007866e-22,3.456103931472510851539e-22,0.337215443415271545
0.00013580863443476098,1.0,1.504075913102435615045e-22,4.460251017696875618704e-22,0.337217772527764612
0.0001429163598920798,1.0,1.941088799016725478972e-22,5.756145876406632450818e-22,0.33722022351325149
0.00015039607761179697,1.0,2.505077686998939214019e-22,7.428553664191331412998e-22,0.337222802747517164
0.00015826725630357428,1.0,3.232936314449265879102e-22,9.586867398966285535199e-22,0.337225516939752476
0.00016655038359787952,1.0,4.172278253462794661648e-22,1.237226338487030258433e-21,0.337228373149973343
0.00017526701937256237,1.0,5.384551702368735503189e-22,1.596693558414322621617e-21,0.33723137880734843
0.00018443985187034567,1.0,6.9490593356907121286e-22,2.060601295482062625294e-21,0.337234541729482435
0.00019409275675330204,1.0,8.968146198469298659588e-22,2.659293926472244248334e-21,0.337237870142704647
0.00020425085924802476,1.0,1.157389504941459633094e-21,3.431932137102642457726e-21,0.337241372703414954
0.0002149405995432474,1.0,1.493676718224346186568e-21,4.42905442344194893733e-21,0.33724505852054216
0.00022618980161013657,1.0,1.927675403895140096277e-21,5.715882813504648789967e-21,0.337248937179172331
0.00023802774562438494,1.0,2.487776920117767982827e-21,7.376589034621090352009e-21,0.337253018765407799
0.00025048524417861244,1.0,3.210622235515023708294e-21,9.519800174113365492347e-21,0.337257313892520615
0.00026359472248344213,1.0,4.143499044467316733525e-21,1.228570395487822949638e-20,0.337261833728467477
0.00027739030276600815,1.0,5.347435435972865789842e-21,1.585521837659364952848e-20,0.337266590024836605
0.00029190789308557245,1.0,6.901192526349369642653e-21,2.046182550100410798408e-20,0.337271595147300642
0.0003071852807974215,1.0,8.906417286183226969319e-21,2.640684341797641496482e-20,0.337276862107653433
0.0003232622309083241,1.0,1.149429270584475968011e-20,3.407913531558571916012e-20,0.337282404597512509
0.0003401805895795502,1.0,1.483412041949339215271e-20,4.398054480164936794175e-20,0.337288237023773288
0.0003579843930468606,1.0,1.914439735661354947e-20,5.675872116867463879473e-20,0.337294374545905336
0.00037671998224096513,1.0,2.470711118815860181953e-20,7.324948165699107706339e-20,0.337300833115185679
0.00039643612340679803,1.0,3.188618996206397259662e-20,9.453148156719772061175e-20,0.337307629515968908
0.00041718413503556424,1.0,4.115131316541959441935e-20,1.21996768103413905961e-19,0.337314781409098931
0.0004390180214399388,1.0,5.310864230010392174667e-20,1.574418327473914180866e-19,0.337322307377572462
0.0004619946133201065,1.0,6.85404818790561125583e-20,2.031851177221160309855e-19,0.337330226974569933
0.0004861737156865089,1.0,8.84564661806382728053e-20,2.62218662395687885286e-19,0.337338560773975313
0.0005116182635243288,1.0,1.141596213935577224479e-19,3.38403808473123259573e-19,0.337347330423512415
0.0005383944856048768,1.0,1.47331626319921075692e-19,4.367237645753386365532e-19,0.337356558700631672
0.000566572076870269,1.0,1.901428513082577874489e-19,5.636095497925264785366e-19,0.337366269571288058
0.0005962243798400871,1.0,2.453943768176440186888e-19,7.273606352631345713989e-19,0.337376488251757811
0.000627428575512191,1.0,3.167012861379050628866e-19,9.386877966764430543054e-19,0.337387241273648994
0.0006602658842545858,1.0,4.087292283456451904669e-19,1.211413683929991309031e-18,0.337398556552268582
0.0006948217772112279,1.0,5.274997344398249272476e-19,1.563376929787119085814e-18,0.337410463458516799
0.0007311861987720391,1.0,6.807842700799187037323e-19,2.017598931951859974186e-18,0.33742299289448784
0.0007694538006861775,1.0,8.78612817132887745994e-19,2.603789623190774817106e-18,0.337436177372964905
0.0008097241884279447,1.0,1.133930273698854469267e-18,3.360290715615991535195e-18,0.337450051101006627
0.0008521021804565798,1.0,1.463443639413314728612e-18,4.336583518063765576019e-18,0.337464650067831601
0.0008966980810447525,1.0,1.888715443377301750012e-18,5.596525350986888462766e-18,0.337480012137217715
0.0009436279673859069,1.0,2.437574994112138052276e-18,7.222526236400737076691e-18,0.337496177144643441
0.0009930139917277434,1.0,3.145939840451213922021e-18,9.32093903772927598977e-18,0.337513186999409152
0.0010449846993182653,1.0,4.060166692368186947798e-18,1.202901558782756911721e-17,0.337531085791987896
0.0010996753629919438,1.0,5.240085720961375703494e-18,1.552388376334724931468e-17,0.337549919906866912
0.0011572283352669038,1.0,6.762916908537850807708e-18,2.003413263812754215464e-17,0.337569738141153483
0.0012177934188695849,1.0,8.728324885046979212279e-18,2.585476342143490740938e-17,0.337590591829231597
0.0012815282566512921,1.0,1.126494325104052071385e-17,3.336648401374004288857e-17,0.337612534973769187
0.00134859874191156,1.0,1.453879563608160815233e-17,4.306060908896454990714e-17,0.337635624383389626
0.0014191794501963307,1.0,1.876416498288547624174e-17,5.557119421528133847782e-17,0.33765991981733552
0.00149345409369486,1.0,2.421762292459660590139e-17,7.17165056308369374788e-17,0.337685484137467787
0.0015716159994181014,1.0,3.125613814816847530187e-17,9.255253783471046286657e-17,0.337712383467958478
0.0016538686124031722,1.0,4.034044988276140350441e-17,1.194420790628573101303e-16,0.33774068736305178
0.0017404260252537188,1.0,5.206523764025014215245e-17,1.541438415174974225596e-16,0.337770468983284224
0.0018315135353944565,1.0,6.719806368698903276452e-17,1.989274853968750022981e-16,0.337801805280572167
0.0019273682314903857,1.0,8.672963964841608648559e-17,2.567220591353548178937e-16,0.337834777192592249
0.0020282396105570275,1.0,1.119387108496433719938e-16,3.313075635403430036606e-16,0.337869469846898629
0.0021343902273679447,1.0,1.444758101632265739872e-16,4.275621675954384234135e-16,0.337905972775239429
0.0022460963778498807,1.0,1.864713701334421185868e-16,5.517812429873539146638e-16,0.337944380138553916
0.002363648818244264,1.0,2.406752791442548365167e-16,7.120890808678260705676e-16,0.337984790963151441
0.0024873535219070244,1.0,3.106370292049622607682e-16,9.189702150599220537116e-16,0.338027309388593155
0.002617532475716496,1.0,4.009382648801355583298e-16,1.185955097132448414781e-15,0.338072044927817745
0.0027545245181624135,1.0,5.174929797508929544366e-16,1.530504961867424497021e-15,0.33811911274007308
0.002898686221297399,1.0,6.679350442405476454647e-16,1.975153746529958707707e-15,0.338168633917236453
0.0030503928188465525,1.0,8.621184781071221867113e-16,2.548981735576905334435e-15,0.338220735784127084
0.003210039182890904,1.0,1.112763278769395582555e-15,3.289517292894094330597e-15,0.338275552213435615
0.0033780408516668635,1.0,1.436289168965952228698e-15,4.245191034366451213718e-15,0.338333223955916234
0.0035548351111569653,1.0,1.853891961823404896546e-15,5.478502914431448119637e-15,0.338393898986507956
0.0037408821332870538,1.0,2.392933169045462482781e-15,7.070109312542368384505e-15,0.33845773286707193
0.003936666173692572,1.0,3.088734045896882099403e-15,9.124097356230503759111e-15,0.338524889126451671
0.00414269683217152,1.0,3.986891827673983307318e-15,1.177479133863991760702e-14,0.338595539658582276
0.004359510379104896,1.0,5.146270213791572780688e-15,1.519553625378928230805e-14,0.338669865139392962
0.004587671151297142,1.0,6.642860454704460453611e-15,1.961003272954536017619e-14,0.338748055463264329
0.004827773020869692,1.0,8.574766609629149682928e-15,2.530696443471182446523e-14,0.338830310199817226
0.005080440941031103,1.0,1.106864243668600769494e-14,3.265887427428863488806e-14,0.338916839071823804
0.005346332572747038,1.0,1.428800281886590367653e-14,4.214652343280298033137e-14,0.339007862455042625
0.0056261399965442434,1.0,1.844395590787791916023e-14,5.439032573110447976949e-14,0.33910361190078841
0.0059205915139040385,1.0,2.38090614093127214433e-14,7.019091224878776137808e-14,0.339204330682052334
0.006230453542934127,1.0,3.073522613697259919939e-14,9.058147795430979483737e-14,0.339310274363990343
0.006556532613252944,1.0,3.967681370110319901372e-14,1.168953321739413426461e-13,0.339421711399594047
0.006899677465278862,1.0,5.12204885013828498231e-14,1.508530684361018799744e-13,0.339538923751350465
0.0072607812593885775,1.0,6.61237577365033392811e-14,1.946750514738326043456e-13,0.339662207539682683
0.007640783900694646,1.0,8.536474821450239645533e-14,2.512265737264559780251e-13,0.339791873718941979
0.008040674485493417,1.0,1.102064952218494386103e-13,3.242051686402380959193e-13,0.339928248781692536
0.008461493875751031,1.0,1.422799775412095409845e-13,4.183823228893417243253e-13,0.340071675491990818
0.008904337408328574,1.0,1.836913691915965748071e-13,5.399153842637184713095e-13,0.340222513648311998
0.009370357745998164,1.0,2.371605764367048838748e-13,6.967500485657182444286e-13,0.340381140876713743
0.009860767877670668,1.0,3.062001938882792093664e-13,8.991397269664228033717e-13,0.340547953454751371
0.010376844275644464,1.0,3.953466829681306665769e-13,1.160315731368260560686e-12,0.340723367166566225
0.010919930218092854,1.0,5.104590265704894036213e-13,1.497352068020932890012e-12,0.340907818189458177
0.011491439285438408,1.0,6.591045744069106395046e-13,1.932281342243330705026e-12,0.341101764012121847
0.012092859039714635,1.0,8.510575603446431909976e-13,2.493534679562216556109e-12,0.341305684384570568
0.012725754896491956,1.0,1.098943229167642926638e-12,3.217799731623460899831e-12,0.341520082299589983
0.013391774199446111,1.0,1.419070151273088222651e-12,4.152418140215873709458e-12,0.341745485005350246
0.014092650508174426,1.0,1.832505771268773652215e-12,5.358479061720770632801e-12,0.341982445048558294
0.014830208110420722,1.0,2.366466360329933215554e-12,6.91481080619860051651e-12,0.342231541347245048
0.015606366770453559,1.0,3.056113396873238578572e-12,8.923131285831332340493e-12,0.342493380291951264
0.016423146725957,1.0,3.946875376340690101147e-12,1.151469362228377917996e-11,0.342768596873694527
0.017282673946440473,1.0,5.097448949140781555892e-12,1.485886086680316787834e-11,0.343057855836662123
0.01818718566685441,1.0,6.583678437337226523319e-12,1.917416970648291665187e-11,0.343361852853072446
0.019139036210815093,1.0,8.503571204451220048447e-12,2.474260547655595424167e-11,0.343681315717073553
0.020140703118595574,1.0,1.098378195875647706327e-11,3.192802036362073253218e-11,0.344017005553891582
0.02119479359583329,1.0,1.418799692349309504046e-11,4.11998970300219604848e-11,0.344369718039694152
0.022304051299739357,1.0,1.832777546909328834846e-11,5.316400863605205186232e-11,0.344740284626782145
0.023471363480473025,1.0,2.367657077478997112838e-11,6.860197611092713835256e-11,0.345129573767754666
0.024699768496269578,1.0,3.058786338773260991697e-11,8.852230383675815768383e-11,0.345538492131191592
0.0259924637218824,1.0,3.95186164573615242722e-11,1.14226223463895237879e-10,0.345967985800148738
0.027352813870923972,1.0,5.105961745317358908184e-11,1.473926411216753641285e-10,0.346419041443344014
0.02878435975376739,1.0,6.597473232606743818247e-11,1.901877286937302834707e-10,0.346892687447307198
0.030290827493804583,1.0,8.525169546961871208804e-11,2.454063061620789815362e-10,0.347389994995948048
0.0318761382260496,1.0,1.101678328411689916114e-10,3.166542338279164389844e-10,0.347912079081939391
0.03354441830333101,1.0,1.423751185696142196513e-10,4.085837052841806987228e-10,0.348460099431984408
0.03530001003663918,1.0,1.840102652299077819766e-10,5.271967781454455590137e-10,0.349035261325406191
0.03714748299758373,1.0,2.378372328343445146994e-10,6.802369238150068773448e-10,0.349638816282524074
0.03909164591238043,1.0,3.07431725845891932201e-10,8.776941088805809622539e-10,0.350272062595923251
0.041137559178325185,1.0,3.974200795969490359301e-10,1.132456311510711206999e-9,0.350936345673932062
0.04329054803533486,1.0,5.137886100811224139669e-10,1.461149906574985844801e-9,0.351633058161342675
0.045556216426837874,1.0,6.642842643244818123162e-10,1.885223641991223760742e-9,0.352363639797582297
0.04794046158609324,1.0,8.589335872284082293257e-10,2.43234677368426375226e-9,0.353129576967097388
0.05044948938590354,1.0,1.110715036662124316885e-9,3.138212355605482825707e-9,0.353932401890573886
0.05308983049167593,1.0,1.436430079383720785733e-9,4.048863019466256218546e-9,0.354773691398697661
0.055868357359875116,1.0,1.857831997433187802597e-9,5.223690533611916014436e-9,0.355655065222363312
0.05879230212611253,1.0,2.403088851898083438643e-9,6.739304201950389389774e-9,0.356578183724458844
0.061869275429432845,1.0,3.108679788482303536678e-9,8.694519586863356265159e-9,0.357544744988468537
0.06510728622179439,1.0,4.021853385901596030175e-9,1.121679176680970948648e-8,0.358556481168010073
0.0685147626143053,1.0,5.203815068478884490345e-9,1.447051107484589896461e-8,0.359615153988906474
0.0721005738144745,1.0,6.733860358134795610646e-9,1.866770006907219306614e-8,0.360722549281320036
0.07587405321157868,1.0,8.714735343510301861692e-9,2.408180616596806139748e-8,0.361880470403660827
0.07984502267023237,1.0,1.127958963006257957105e-8,3.106548497552514897277e-8,0.363090730402218768
0.08402381809539386,1.0,1.460099596246292783147e-8,4.007352785812456825015e-8,0.364355142730532011
0.08842131633535034,1.0,1.890265215320556226027e-8,5.16924202447671207366e-8,0.365675510330145512
0.09304896349270617,1.0,2.447456460708078566332e-8,6.667844628224733686488e-8,0.367053612849358861
0.09791880471706468,1.0,3.169275117992256104133e-8,8.600680800411590189306e-8,0.368491191748517018
0.10304351555694903,1.0,4.104481066240199684942e-8,1.109349390362989519324e-7,0.369989933009038298
0.10843643495256793,1.0,5.316310797194129574446e-8,1.430841095703641268654e-7,0.371551447128357762
0.114111599955302,1.0,6.886784554021248896221e-8,1.845445998390451694962e-7,0.373177246043922008
0.12008378226427956,1.0,8.92229678207858032553e-8,2.380112393303334402872e-7,0.374868716585917737
0.12636852667514364,1.0,1.156087231057550253346e-7,3.069580658752894553313e-7,0.376627090010152706
0.13298219154108587,1.0,1.498158440756262910091e-7,3.958633777934718723525e-7,0.378453407109024277
0.13994199135146299,1.0,1.941677820046705739362e-7,5.104996945232989915886e-7,0.380348478339410324
0.1472660415388205,1.0,2.516793375728582056929e-7,6.583073136252692016736e-7,0.38231283834121673
0.15497340563095316,1.0,3.262625001612531291551e-7,8.488755207944386330168e-7,0.38434669414888212
0.16308414487072978,1.0,4.229934995114691079926e-7,0.000001094562416437982187019,0.38644986632010481
0.17161937043283929,1.0,5.484591963895175162215e-7,0.000001411293206658076339986,0.388621722121274603
0.18060129837336716,1.0,7.112062576484665789996e-7,0.000001819588232188907713533,0.3908610998175712
0.19005330745523322,1.0,9.223234135466252911433e-7,0.000002345886700203962682291,0.393166223017690519
0.2,1.0,0.000001196195909795353115087,0.00000302425097056630286816,0.395534603919251032
0.0001,2.0,1.438701529699040486651e-21,1.57249315367462051897e-21,0.914917515753290124
0.00010523363296222022,2.0,1.856700844928274473852e-21,2.029370719681632243149e-21,0.914914572739846061
0.0001107411750642727,2.0,2.396144923683386376402e-21,2.618991003549657966987e-21,0.914911475616282594
0.00011653696170518647,2.0,3.092317943048959764328e-21,3.379921491499352939084e-21,0.914908216308062659
0.00012263607854615907,2.0,3.990755374314158808576e-21,4.361935180576286789357e-21,0.914904786317093155
0.00012905440077652511,2.0,5.150222323329901502256e-21,5.629266257924767080156e-21,0.914901176699453996
0.00013580863443476098,2.0,6.646557169787836787403e-21,7.264811692883739549761e-21,0.914897378041950463
0.0001429163598920798,2.0,8.577631898503491866313e-21,9.375553569315782332307e-21,0.914893380437426062
0.00015039607761179697,2.0,1.106975355140468472538e-20,1.209955683435962401995e-20,0.914889173458769722
0.00015826725630357428,2.0,1.428592548276895591139e-20,1.561500018791967229138e-20,0.914884746131547501
0.00016655038359787952,2.0,1.843650873648541141859e-20,2.015183082501182770124e-20,0.914880086905185226
0.00017526701937256237,2.0,2.379298083763614215755e-20,2.600680536925622427078e-20,0.914875183622624393
0.00018443985187034567,2.0,3.070569186731571777932e-20,3.356290082632275921538e-20,0.914870023488369469
0.00019409275675330204,2.0,3.962677911740162149948e-20,4.331436522857382146755e-20,0.914864593034840182
0.00020425085924802476,2.0,5.113973899755427214748e-20,5.58990465332671123399e-20,0.914858878086937656
0.0002149405995432474,2.0,6.599759025319487303735e-20,7.2140114405383783268e-20,0.914852863724728214
0.00022618980161013657,2.0,8.517212442293093499205e-20,9.309990390169769619535e-20,0.914846534244143334
0.00023802774562438494,2.0,1.099174645601864666239e-19,1.201494029614716660896e-19,0.91483987311558862
0.00025048524417861244,2.0,1.418520889835420035603e-19,1.550579288632216644602e-19,0.914832862940348699
0.00026359472248344213,2.0,1.830646843942874951311e-19,2.001088593561751531371e-19,0.914825485404668605
0.00027739030276600815,2.0,2.362507510737258320423e-19,2.582489883948922141167e-19,0.914817721231385567
0.00029190789308557245,2.0,3.048888939504921970818e-19,3.332812757666404333389e-19,0.914809550128978015
0.0003071852807974215,2.0,3.93468328613951691581e-19,4.301135982604463798611e-19,0.914800950737891099
0.0003232622309083241,2.0,5.077824805465455595656e-19,5.550797730368352211374e-19,0.914791900573990106
0.0003401805895795502,2.0,6.553078779519656601787e-19,7.163538511089369948962e-19,0.914782375968984659
0.0003579843930468606,2.0,8.456931161747170978577e-19,9.244847795395959475582e-19,0.914772352007657709
0.00037671998224096513,2.0,1.091389869533465983497e-18,1.193086404128830936454e-18,0.914761802461723773
0.00039643612340679803,2.0,1.408467215047526205765e-18,1.539727944978285975529e-18,0.914750699720130834
0.00041718413503556424,2.0,1.817662519337391017832e-18,1.987083189955004127799e-18,0.914739014715609616
0.0004390180214399388,2.0,2.345737608634426494511e-18,2.564413573399658855196e-18,0.914726716847262554
0.0004619946133201065,2.0,3.02722890367221478149e-18,3.309482146276899335374e-18,0.914713773898972757
0.0004861737156865089,2.0,3.906705961309668613203e-18,4.271023627761129766757e-18,0.91470015195340035
0.0005116182635243288,2.0,5.041686107142999184451e-18,5.511932100403397778336e-18,0.914685815301320014
0.0005383944856048768,2.0,6.506395741288630804082e-18,7.113374850511096590119e-18,0.914670726346038929
0.000566572076870269,2.0,8.396624257290785273131e-18,9.1801014323350492345e-18,0.914654845502618937
0.0005962243798400871,2.0,1.083598795046237491966e-17,1.184729521119980677679e-17,0.914638131091610225
0.000627428575512191,2.0,1.398401347654789623513e-17,1.528941553003699636849e-17,0.914620539226986304
0.0006602658842545858,2.0,1.804656938010253656131e-17,1.97316088446163794014e-17,0.914602023697951364
0.0006948217772112279,2.0,2.328932771991240665564e-17,2.546443520093407364204e-17,0.91458253584427112
0.0007311861987720391,2.0,3.005513590951880563835e-17,3.286287327360103661811e-17,0.914562024424757011
0.0007694538006861775,2.0,3.878643451125524932086e-17,4.241084702937295250105e-17,0.914540435478510876
0.0008097241884279447,2.0,5.005418657827775952171e-17,5.473287822828655178437e-17,0.914517712178512967
0.0008521021804565798,2.0,6.459520978767189093429e-17,7.063493504674811710696e-17,0.914493794677110242
0.0008966980810447525,2.0,8.336035186460206032161e-17,9.115714858515759870253e-17,0.914468619942934136
0.0009436279673859069,2.0,1.075766585542605367198e-16,1.176418452458832127754e-16,0.914442121588747354
0.0009930139917277434,2.0,1.388275979668598667534e-16,1.518213447027961641281e-16,0.914414229689687464
0.0010449846993182653,2.0,1.791565852578142909971e-16,1.959312659470755339521e-16,0.914384870591341058
0.0010996753629919438,2.0,2.312005744145489034802e-16,2.528567522347987475641e-16,0.914353966707045803
0.0011572283352669038,2.0,2.983624488894089563059e-16,3.263211787919621363778e-16,0.914321436303778599
0.0012177934188695849,2.0,3.850334783092825182334e-16,4.211296856622090057685e-16,0.914287193275946114
0.0012815282566512921,2.0,4.968803801300919447651e-16,5.434834638287741045334e-16,0.914251146906348959
0.00134859874191156,2.0,6.412157465825620015599e-16,7.013853502124526708311e-16,0.914213201613542349
0.0014191794501963307,2.0,8.27476044288494192681e-16,9.051632589749167712751e-16,0.914173256684764101
0.00149345409369486,2.0,1.067838422243179060281e-15,1.168145683291244683648e-15,0.914131205993544905
0.0015716159994181014,2.0,1.378016632417954556621e-15,1.507533447402377540926e-15,0.914086937701055532
0.0016538686124031722,2.0,1.778288068172583590473e-15,1.945524723736056884683e-15,0.914040333940180882
0.0017404260252537188,2.0,2.29481902292585725072e-15,2.510766893558593620287e-15,0.913991270481240792
0.0018315135353944565,2.0,2.961374750703284678868e-15,3.240230205184389612244e-15,0.913939616378202273
0.0019273682314903857,2.0,3.821526042782297090137e-15,4.181625769083631743083e-15,0.913885233594146448
0.0020282396105570275,2.0,4.931496461053479335558e-15,5.396526028209914398277e-15,0.913827976604665731
0.0021343902273679447,2.0,6.36383620508450395871e-15,6.964391782456792198468e-15,0.913767691977771908
0.0022460963778498807,2.0,8.212162566145631627711e-15,8.987769132511130977767e-15,0.913704217928793267
0.002363648818244264,2.0,1.059727655926335127251e-14,1.159899621732106597993e-14,0.913637383848628027
0.0024873535219070244,2.0,1.367505516653927343394e-14,1.496885835389254991204e-14,0.913567009803601238
0.002617532475716496,2.0,1.764663453149499911476e-14,1.93177576043459631355e-14,0.913492906005042357
0.0027545245181624135,2.0,2.277154897397292673303e-14,2.493012722462675182989e-14,0.913414872246559791
0.002898686221297399,2.0,2.938468359816750216718e-14,3.217303364350664295953e-14,0.913332697306835952
0.0030503928188465525,2.0,3.79181471186894446166e-14,4.152018245401219612665e-14,0.913246158315600608
0.003210039182890904,2.0,4.892949255172950926299e-14,5.358289827660250282598e-14,0.913155020080260408
0.0033780408516668635,2.0,6.313812753102504694851e-14,6.915010437912956692393e-14,0.913059034370467045
0.0035548351111569653,2.0,8.147229019317187282729e-14,8.923991642850401612566e-14,0.912957939157694068
0.0037408821332870538,2.0,1.051296556313797728041e-13,1.15166224178442224299e-13,0.912851457806661511
0.003936666173692572,2.0,1.356555267167736024777e-13,1.486246149169202942296e-13,0.912739298215196149
0.00414269683217152,2.0,1.750437095021073503403e-13,1.918032571762152470763e-13,0.912621151898841783
0.004359510379104896,2.0,2.258666520790614735758e-13,2.475259952257631105294e-13,0.91249669301623606
0.004587671151297142,2.0,2.914433328825230058925e-13,3.194370109130132869491e-13,0.912365577330945814
0.004827773020869692,2.0,3.760558440959684746781e-13,4.122391271637294061512e-13,0.912227441105099219
0.005080440941031103,2.0,4.852287879819279751305e-13,5.320013345562629789148e-13,0.912081899919767082
0.005346332572747038,2.0,6.260896948839081262028e-13,6.865556480905646906017e-13,0.911928547416624849
0.0056261399965442434,2.0,8.078339472079142257842e-13,8.860092414007512293085e-13,0.911766953954967269
0.0059205915139040385,2.0,1.042324496648888293982e-12,1.143405341929116105304e-12,0.911596665177646001
0.006230453542934127,2.0,1.344865434101590194283e-12,1.475576095551915775572e-12,0.911417200478952367
0.006556532613252944,2.0,1.735199782565946718632e-12,1.90424315840924432613e-12,0.911228051366868458
0.006899677465278862,2.0,2.238796466892039489988e-12,2.457437967376746678709e-12,0.911028679711455138
0.0072607812593885775,2.0,2.888510216305543560219e-12,3.171334536985253121104e-12,0.910818515870429374
0.007640783900694646,2.0,3.726722395222302537802e-12,4.092614595156102877991e-12,0.910596956682200302
0.008040674485493417,2.0,4.808102005495848382095e-12,5.281519664833073516812e-12,0.910363363315776301
0.008461493875751031,2.0,6.203166382492795231302e-12,6.815789596934048972437e-12,0.910117058966017608
0.008904337408328574,2.0,8.002873025136976475991e-12,8.795744995495917414587e-12,0.909857326381682167
0.009370357745998164,2.0,1.032454091430205673038e-11,1.135084573348059394849e-11,0.909583405212588176
0.009860767877670668,2.0,1.331948590970948899597e-11,1.464815422119131190401e-11,0.909294489160985612
0.010376844275644464,2.0,1.718286594271122122296e-11,1.890325655992795328542e-11,0.908989722920880197
0.010919930218092854,2.0,2.216637491312251484113e-11,2.439435532162276628524e-11,0.908668198887576043
0.011491439285438408,2.0,2.859460868657004430333e-11,3.148045493064061186566e-11,0.908328953618084134
0.012092859039714635,2.0,3.688616426131740411776e-11,4.062482802088074313419e-11,0.907970964021270334
0.012725754896491956,2.0,4.758083932931598245137e-11,5.242529616154745068679e-11,0.90759314325467278
0.013391774199446111,2.0,6.137469378298302334654e-11,6.765330351720622955358e-11,0.907194336302788663
0.014092650508174426,2.0,7.916524254741697016605e-11,8.730433639761937134758e-11,0.90677331520929653
0.014830208110420722,2.0,1.021097030315627202861e-10,1.126629827589445208593e-10,0.906328773933122622
0.015606366770453559,2.0,1.317000623971830347728e-10,1.453868819175588459099e-10,0.905859322795457728
0.016423146725957,2.0,1.698598136236069820943e-10,1.876150484421916504131e-10,0.905363482481761322
0.017282673946440473,2.0,2.190686042631732250563e-10,2.421076459136436634444e-10,0.904839677559426871
0.01818718566685441,2.0,2.825228368500908471215e-10,3.124263398506802273027e-10,0.904286229468100101
0.019139036210815093,2.0,3.643425695043467702564e-10,4.031670085847206614311e-10,0.903701348935610128
0.020140703118595574,2.0,4.698380362414793749776e-10,5.20260009067679112536e-10,0.903083127768060893
0.02119479359583329,2.0,6.0585292744044248715e-10,6.713576044755231457544e-10,0.902429529957802278
0.022304051299739357,2.0,7.812064838717867308015e-10,8.663338496225223977686e-10,0.901738382047720718
0.023471363480473025,2.0,1.007262773167489023484e-9,1.11792956959462217697e-9,0.901007362684518155
0.024699768496269578,2.0,1.298663633832992671812e-9,1.442584535133905337116e-9,0.900233991287343543
0.0259924637218824,2.0,1.674272199288363857889e-9,1.861511152316258858805e-9,0.899415615751259116
0.027352813870923972,2.0,2.15838730691325145691e-9,2.402079739946507023881e-9,0.898549399097516029
0.02878435975376739,2.0,2.782306291984421950468e-9,3.099605792444905501909e-9,0.897632304974432181
0.030290827493804583,2.0,3.586335735235981240411e-9,3.999655842786900552198e-9,0.896661081903755993
0.0318761382260496,2.0,4.62237804580352379618e-9,5.161022356702381815644e-9,0.895632246157712244
0.03354441830333101,2.0,5.957258069599983060719e-9,6.65956170767377160693e-9,0.894542063141403371
0.03530001003663918,2.0,7.677000452634652575017e-9,8.593145541581152820021e-9,0.893386527143827701
0.03714748299758373,2.0,9.892328111974005913154e-9,1.108804840124798502789e-8,0.892161339308421662
0.03909164591238043,2.0,1.274572850969781092262e-8,1.43071880652517525442e-8,0.89086188366068243
0.041137559178325185,2.0,1.642053211639630940118e-8,1.846075574855099287474e-8,0.889483201016035159
0.04329054803533486,2.0,2.115257237739507294437e-8,2.381992896160082510972e-8,0.888019960575630041
0.045556216426837874,2.0,2.724515613379325664414e-8,3.073456054561718544937e-8,0.886466429001161515
0.04794046158609324,2.0,3.50882772840108210541e-8,3.965599623488823372379e-8,0.884816436742071768
0.05044948938590354,2.0,4.518326650659447657054e-8,5.116650685160920762266e-8,0.883063341369637476
0.05308983049167593,2.0,5.817440127724131657628e-8,6.601725158010867623932e-8,0.881199987652463115
0.055868357359875116,2.0,7.488942234466652756836e-8,8.517724361827984772675e-8,0.879218664086877593
0.05879230212611253,2.0,9.639143937184863883611e-8,1.098965048488590961537e-7,0.877111055573750926
0.061869275429432845,2.0,1.240453898416692284784e-7,1.417875183812415900528e-7,0.874868191910469072
0.06510728622179439,2.0,1.596030794173236074519e-7,1.829302766316530580425e-7,0.872480391743456944
0.0685147626143053,2.0,2.053119259495254402739e-7,2.360077550094382640407e-7,0.869937201603035219
0.0721005738144745,2.0,2.640539118974872486334e-7,3.044806164186538327564e-7,0.867227329618970566
0.07587405321157868,2.0,3.395229936445013067536e-7,3.928124973905088280069e-7,0.864338573492404605
0.07984502267023237,2.0,4.364514103330589752665e-7,5.067605072301678023407e-7,0.861257742278691764
0.08402381809539386,2.0,5.608980886098723955587e-7,6.537497989215592937411e-7,0.857970571517028051
0.08842131633535034,2.0,7.206157855922199073326e-7,8.433565174326933320636e-7,0.854461631227899857
0.09304896349270617,2.0,9.255179098633334226188e-7,0.00000108793044862970666233,0.850714226289981551
0.09791880471706468,2.0,0.000001188271299004182996191,0.000001403397732204002847429,0.846710288706275098
0.10304351555694903,2.0,0.000001525047834470803349496,0.000001810295646499868219907,0.842430261277720178
0.10843643495256793,2.0,0.000001956475896626303434891,0.000002335106470329199071222,0.837852972224638226
0.114111599955302,2.0,0.000002508842592139377931881,0.000003011976739604495678422,0.832955500336571468
0.12008378226427956,2.0,0.000003215609734868804702374,0.00000388493308329735651717,0.827713030294858965
0.12636852667514364,2.0,0.000004119321050759779079585,0.000005010737836282976252955,0.822098697906641921
0.13298219154108587,2.0,0.000005273995308562959569004,0.000006462568833290044008722,0.816083425122763325
0.13994199135146299,2.0,0.000006748120284746176822531,0.000008334760819644511272369,0.809635744896395624
0.1472660415388205,2.0,0.000008628385740018686387101,0.00001074891415157081367146,0.802721616188344038
0.15497340563095316,2.0,0.00001102431973523221341948,0.00001386176424411178880694,0.795304229756694404
0.16308414487072978,2.0,0.00001407402100997347071067,0.00001787531813446672835028,0.787343805805408612
0.17161937043283929,2.0,0.00001795120941793189128819,0.00002304990972044818774586,0.778797385137126856
0.18060129837336716,2.0,0.00002287384404428213137339,0.00002972101189202720698709,0.769618616195841613
0.19005330745523322,2.0,0.00002911458036530800597392,0.00003832088367814697426105,0.759757541340598236
0.2,2.0,0.00003701334679470834303272,0.00004940643878266088585876,0.749160386919004583
0.0001,5.0,6.373315902018748936971e-20,1.335077182572639845725e-19,0.477374340990355811
0.00010523363296222022,5.0,8.224710996129137737725e-20,1.722975105849858475271e-19,0.477355184541235391
0.0001107411750642727,5.0,1.061389835969941530362e-19,2.223574177038709912645e-19,0.477335025262556794
0.00011653696170518647,5.0,1.369708752718833921981e-19,2.869618942879324610183e-19,0.477313810642918505
0.00012263607854615907,5.0,1.767585845487571343997e-19,3.703367647409452075365e-19,0.477291485419768629
0.00012905440077652511,5.0,2.281033813789867430371e-19,4.779356367333518665883e-19,0.477267991435108996
0.00013580863443476098,5.0,2.943620364935442692559e-19,6.16796624592825888177e-19,0.477243267483614024
0.0001429163598920798,5.0,3.798662264173557928451e-19,7.960027159365218402187e-19,0.477217249152763777
0.00015039607761179697,5.0,4.902056490502120132502e-19,1.027275894252198837893e-18,0.477189868654569327
0.00015826725630357428,5.0,6.325933475569603333098e-19,1.325743879124902365588e-18,0.477161054648446006
0.00016655038359787952,5.0,8.163371100690807496818e-19,1.710929636733982698185e-18,0.477130732054766423
0.00017526701937256237,5.0,1.053447740945664458038e-18,2.208028384647488093987e-18,0.477098821858600098
0.00018443985187034567,5.0,1.35942393828657166651e-18,2.849555619925443486302e-18,0.477065240903120181
0.00019409275675330204,5.0,1.754265045421151023948e-18,3.677473968134779145806e-18,0.47702990167212989
0.00020425085924802476,5.0,2.263777823807877096531e-18,4.745937970468925191216e-18,0.476992712061131974
0.0002149405995432474,5.0,2.921262592038140698612e-18,6.124836345346861241499e-18,0.476953575136333539
0.00022618980161013657,5.0,3.769688842849294679607e-18,7.904363423426061654491e-18,0.47691238888094589
0.00023802774562438494,5.0,4.864502402777815281076e-18,1.020091877280542579881e-17,0.476869045928104627
0.00025048524417861244,5.0,6.27724742128904177263e-18,1.316472090751228898606e-17,0.476823433279698801
0.00026359472248344213,5.0,8.100239656011358412446e-18,1.698963308964156543589e-17,0.476775432010359631
0.00027739030276600815,5.0,1.045259612538198380954e-17,2.192584392720277398729e-17,0.476724916955818683
0.00029190789308557245,5.0,1.348801470180567624056e-17,2.829623219991496582135e-17,0.476671756384802696
0.0003071852807974215,5.0,1.740481138558606786261e-17,3.651748632761725766151e-17,0.47661581165358707
0.0003232622309083241,5.0,2.245887027203120166425e-17,4.712735989291457976382e-17,0.476556936842282307
0.0003401805895795502,5.0,2.898035119620567413739e-17,6.081984598290593308137e-17,0.47649497837187735
0.0003579843930468606,5.0,3.739524508610098501593e-17,7.849057107612112568904e-17,0.476429774601010537
0.00037671998224096513,5.0,4.825318313364149005012e-17,1.012953776488833996232e-16,0.476361155401382672
0.00039643612340679803,5.0,6.226331358308695205974e-17,1.307259273319644730811e-16,0.476288941710667269
0.00041718413503556424,5.0,8.034058577520081509786e-17,1.687072697378897334127e-16,0.476212945061710246
0.0004390180214399388,5.0,1.03665459291773038894e-16,2.177237588190078015804e-16,0.476132967086744958
0.0004619946133201065,5.0,1.337609307406012901344e-16,2.809815527796931321746e-16,0.476048798995278206
0.0004861737156865089,5.0,1.72591898794139523469e-16,3.626183264280688029034e-16,0.475960221024228658
0.0005116182635243288,5.0,2.226933428908396442818e-16,4.679739129230649053304e-16,0.47586700185882053
0.0005383944856048768,5.0,2.873356670841533276703e-16,6.039395771315692545365e-16,0.475768898022652303
0.000566572076870269,5.0,3.707379797783690889013e-16,7.794087659194426842847e-16,0.475665653235272231
0.0005962243798400871,5.0,4.783431996576180924267e-16,1.005858818049962611336e-15,0.47555699773549932
0.000627428575512191,5.0,6.171729005393004820206e-16,1.298101682075569213282e-15,0.475442647568629878
0.0006602658842545858,5.0,7.962849942267183188652e-16,1.675252744929445077445e-15,0.47532230383556521
0.0006948217772112279,5.0,1.027364037156725557158e-15,2.161981139863340821812e-15,0.47519565190178551
0.0007311861987720391,5.0,1.325482567339196554064e-15,2.790123313001748599044e-15,0.475062360563977647
0.0007694538006861775,5.0,1.710082991515645316937e-15,3.600765387230568356943e-15,0.474922081172000366
0.0008097241884279447,5.0,2.206243868584774632669e-15,4.646930524383257633291e-15,0.474774446703738517
0.0008521021804565798,5.0,2.846312901755457095898e-15,5.997047057161527908243e-15,0.474619070790258245
0.0008966980810447525,5.0,3.672012753617139457642e-15,7.739424228984223275035e-15,0.474455546688526772
0.0009436279673859069,5.0,4.737156474758740592985e-15,9.988028282929130914474e-15,0.474283446198802942
0.0009930139917277434,5.0,6.111148870520665352004e-15,1.288993669035595904694e-14,0.474102318523637709
0.0010449846993182653,5.0,7.883501075589033649297e-15,1.663495806811311940956e-14,0.473911689065246223
0.0010996753629919438,5.0,1.016965125092654898823e-14,2.146804697883653602398e-14,0.473711058157824785
0.0011572283352669038,5.0,1.311846889626094291475e-14,2.77053256055778179684e-14,0.473499899731185497
0.0012177934188695849,5.0,1.692192923540421198281e-14,3.575476019491998973586e-14,0.473277659901868601
0.0012815282566512921,5.0,2.18275844984656200666e-14,4.614284459999544709825e-14,0.473043755487666094
0.00134859874191156,5.0,2.815463972658131016593e-14,5.95490361365589761482e-14,0.472797572441249221
0.0014191794501963307,5.0,3.631467358439072214301e-14,7.685019598562994291241e-14,0.472538464198336291
0.00149345409369486,5.0,4.683834453873999948047e-14,9.917794069362555223927e-14,0.472265749935564379
0.0015716159994181014,5.0,6.040980888899261615543e-14,1.279926557263496791621e-13,0.471978712732937914
0.0016538686124031722,5.0,7.791107426227020821418e-14,1.651790117484088621397e-13,0.471676597635417871
0.0017404260252537188,5.0,1.0047915214122082032e-13,2.131692305881664339533e-13,0.471358609607885283
0.0018315135353944565,5.0,1.295796966916927647342e-13,2.751021626753036658624e-13,0.471023911377361661
0.0019273682314903857,5.0,1.671018772035865261664e-13,3.550285797838749842755e-13,0.470671621155993801
0.0020282396105570275,5.0,2.154805954514065332731e-13,4.581761093339417598561e-13,0.470300810237911058
0.0021343902273679447,5.0,2.778539140808493055562e-13,5.912911369447936197319e-13,0.469910500462636502
0.0022460963778498807,5.0,3.582658193087082062364e-13,7.630800374501694701583e-13,0.469499661537278287
0.002363648818244264,5.0,4.619273440691797613282e-13,9.847785903275567802828e-13,0.469067208209241853
0.0024873535219070244,5.0,5.955528102019002797107e-13,1.270886818216013853139e-12,0.468611997280684358
0.002617532475716496,5.0,7.677927464443998363467e-13,1.640117305035471429361e-12,0.468132824455379121
0.0027545245181624135,5.0,9.897912057688841192507e-13,2.116619010528046932709e-12,0.467628421008065295
0.002898686221297399,5.0,1.275903129483182482413e-12,2.731556613630276639555e-12,0.467097450265725783
0.0030503928188465525,5.0,1.644617584578544561283e-12,3.525148665902743000645e-12,0.466538503889560128
0.003210039182890904,5.0,2.119745773376678937593e-12,4.549297838378653953954e-12,0.465950097945696448
0.0033780408516668635,5.0,2.731949498312364211141e-12,5.870985262243422671587e-12,0.465330668751914196
0.0035548351111569653,5.0,3.520707306710004115242e-12,7.576650927058711776789e-12,0.464678568486823203
0.0037408821332870538,5.0,4.536843180662897743689e-12,9.777846576326775622157e-12,0.463992060547062162
0.003936666173692572,5.0,5.845778089639777656746e-12,1.261853074430064300487e-11,0.463269314637135141
0.00414269683217152,5.0,7.531710179475460762085e-12,1.628448294954063221229e-11,0.462508401575496275
0.004359510379104896,5.0,9.702987630593211422415e-12,2.101545261899486441018e-11,0.461707287799414041
0.004587671151297142,5.0,1.249901285526361207273e-11,2.71208371189992238311e-11,0.460863829549994127
0.004827773020869692,5.0,1.609911227931463587665e-11,3.499991400460404559343e-11,0.459975766717509262
0.005080440941031103,5.0,2.073392828285326678029e-11,4.516795034829641295212e-11,0.459040716325868938
0.005346332572747038,5.0,2.670004636479153538168e-11,5.828989623544432652565e-11,0.458056165633659905
0.0056261399965442434,5.0,3.437877067539425253105e-11,7.52238653300161733154e-11,0.457019464827690489
0.0059205915139040385,5.0,4.426021671784785489909e-11,9.707724522582465269918e-11,0.455927819283377
0.006230453542934127,5.0,5.697421648144725949999e-11,1.252791059205598836586e-10,0.454778281364610784
0.006556532613252944,5.0,7.332994785528404212231e-11,1.616736401379698019987e-10,0.453567741733936284
0.006899677465278862,5.0,9.436673136385674977005e-11,2.086407439989119014881e-10,0.452292920141949307
0.0072607812593885775,5.0,1.214191140447448869956e-10,2.692516205387821796544e-10,0.450950355662784393
0.007640783900694646,5.0,1.56200221797657668986e-10,3.474695777010652879468e-10,0.449536396340400489
0.008040674485493417,5.0,2.009084571524152967243e-10,4.484091462685553997047e-10,0.448047188208087542
0.008461493875751031,5.0,2.583640113054041913112e-10,5.786704547051494008782e-10,0.446478663641206104
0.008904337408328574,5.0,3.32183425588057314477e-10,7.467707160684754518911e-10,0.444826529000633197
0.009370357745998164,5.0,4.270026762104422684147e-10,9.637010282850233695846e-10,0.443086251521724362
0.009860767877670668,5.0,5.487620896672600786113e-10,1.243644877666023892874e-9,0.441253045400817429
0.010376844275644464,5.0,7.050699773627336572254e-10,1.604905301393074057562e-9,0.43932185702840272
0.010919930218092854,5.0,9.056663966886091128942e-10,2.071101297824285878705e-9,0.437287349315082451
0.011491439285438408,5.0,1.163014137141484263126e-9,2.672711664094517422762e-9,0.435143885053346923
0.012092859039714635,5.0,1.493051184113304342868e-9,3.449067137134567806347e-9,0.432885509255035382
0.012725754896491956,5.0,1.916147885670174740513e-9,4.450920998660122508026e-9,0.430505930401146178
0.013391774199446111,5.0,2.458323273306075812977e-9,5.743766088477093056405e-9,0.42799850053745446
0.014092650508174426,5.0,3.152788992820730999508e-9,7.412114919706194395436e-9,0.425356194146232022
0.014830208110420722,5.0,4.041906719199063978499e-9,9.565022485598053254924e-9,0.422571585721300441
0.015606366770453559,5.0,5.179666513452847063523e-9,1.234321249444803025731e-8,0.419636825970763934
0.016423146725957,5.0,6.63482021648221868267e-9,1.59282724607081153869e-8,0.41654361656915415
0.017282673946440473,5.0,8.494836692027157798952e-9,2.055451814560646435788e-8,0.413283183378489084
0.01818718566685441,5.0,1.087088569303588672259e-8,2.652430208791155311392e-8,0.409846248056053144
0.019139036210815093,5.0,1.390410561928368955002e-8,3.42277657565247765824e-8,0.406222997965713706
0.020140703118595574,5.0,1.777346882157235570662e-8,4.416832484551964502275e-8,0.402403054309524357
0.02119479359583329,5.0,2.270562774351476381413e-8,5.699555131925558159388e-8,0.39837543839748442
0.022304051299739357,5.0,2.898720727235297691004e-8,7.354759837567641275256e-8,0.394128535975956446
0.023471363480473025,5.0,3.698010398915897510361e-8,9.490593696517634968077e-8,0.389650059539773708
0.024699768496269578,5.0,4.714046156820620964295e-8,1.224659754184582062839e-7,0.384927008559972222
0.0259924637218824,5.0,6.004211198609304159547e-8,1.580281693732601141861e-7,0.379945627568933569
0.027352813870923972,5.0,7.640540077582995414439e-8,2.039155649495849668919e-7,0.374691362058212827
0.02878435975376739,5.0,9.713244396215216450728e-8,2.631254409114802054467e-7,0.369148812162291603
0.030290827493804583,5.0,1.233499815648076779487e-7,3.395249374136889927016e-7,0.363301684124938871
0.0318761382260496,5.0,1.564610761392383324296e-7,4.381034243050047482397e-7,0.357132739575007638
0.03354441830333101,5.0,1.982069204873315567997e-7,5.652980570401346762231e-7,0.350623742676793574
0.03530001003663918,5.0,2.507399134063286049575e-7,7.294137330309982970829e-7,0.343755405268292053
0.03714748299758373,5.0,3.16708855790374503677e-7,9.411648050546552562007e-7,0.336507330160930326
0.03909164591238043,5.0,3.993564916390651018333e-7,0.000001214373829731461397828,0.328857952849145437
0.041137559178325185,5.0,5.026284928424821580989e-7,0.000001566872841712382473359,0.320784481970583161
0.04329054803533486,5.0,6.312911052233818503703e-7,0.000002021665809812651999376,0.312262838971335064
0.045556216426837874,5.0,7.910516633870762453116e-7,0.000002608427902373370477799,0.303267597569904034
0.04794046158609324,5.0,9.886715081037877969791e-7,0.000003365439063645071781722,0.293771923783688434
0.05044948938590354,5.0,0.000001232053738337697457617,0.000004342077595042333086482,0.283747517488960385
0.05308983049167593,5.0,0.000001530277616710886611407,0.000005602035765512188603185,0.273164556736987351
0.055868357359875116,5.0,0.000001893535791774541560184,0.000007227466288052495908537,0.261991646353949492
0.05879230212611253,5.0,0.000002332907652151088446704,0.000009324328811710402700088,0.250195772721055825
0.061869275429432845,5.0,0.000002859869076555496714846,0.00001202928327271652725518,0.237742267076038635
0.06510728622179439,5.0,0.0000034853913949630088613,0.00001551857701976455517307,0.224594780212386286
0.0685147626143053,5.0,0.000004218414706065274730246,0.00002001950150137005010268,0.210715272094891286
0.0721005738144745,5.0,0.000005063384751037895503145,0.00002582516023856312845491,0.196064020678448821
0.07587405321157868,5.0,0.000006016407229383317062747,0.00003331350342253202501852,0.180599655133060581
0.07984502267023237,5.0,0.000007059383537217386784953,0.00004297185941894377590252,0.164279219765512824
0.08402381809539386,5.0,0.000008151226612303535537679,0.00005542854725507270552376,0.147058276212670398
0.08842131633535034,5.0,0.000009214886586709460209423,0.00007149360931598014271659,0.128891052988840539
0.09304896349270617,5.0,0.00001011840496155983328268,0.00009221128886221607397956,0.109730653224888262
0.09791880471706468,5.0,0.00001064751141250409205464,0.0001189276296499537696003,0.0895293334597140945
0.10304351555694903,5.0,0.00001046630996764205465431,0.000153377542379629430939,0.0682388686456885049
0.10843643495256793,5.0,0.000009061279140505939183989,0.0001977969257743087851085,0.0458110211017388824
0.114111599955302,5.0,0.000005662012026699710454064,0.0002550670267119396444232,0.0221981339559586148
0.12008378226427956,5.0,0,0.0003289002737014661698769,0.0
0.12636852667514364,5.0,0,0.0004240794485582781382567,0.0
0.13298219154108587,5.0,0,0.0005467654352047315440588,0.0
0.13994199135146299,5.0,0,0.0007048931098511574691239,0.0
0.1472660415388205,5.0,0,0.0009086804782308824157125,0.0
0.15497340563095316,5.0,0,0.001171283260252012983468,0.0
0.16308414487072978,5.0,0,0.001509636199128210521137,0.0
0.17161937043283929,5.0,0,0.001945533975126048786036,0.0
0.18060129837336716,5.0,0,0.002507019423577413530401,0.0
0.19005330745523322,5.0,0,0.003230165665939790220359,0.0
0.2,5.0,0,0.004161362864162996868916,0.0
