varpi,root1,root2,root3
0.0,10.982425466293272,nan,nan
0.005,10.981308226075017,nan,nan
0.01,10.977957840831861,nan,nan
0.015,10.972378312792738,nan,nan
0.02,10.964576299009009,nan,nan
0.025,10.954561091436798,nan,nan
0.03,10.942344589208517,nan,nan
0.035,10.92794126324669,nan,nan
0.04,10.911368113416017,nan,nan
0.045,10.892644618449323,nan,nan
0.05,10.871792678920055,nan,nan
0.055,10.848836553570806,nan,nan
0.06,10.823802789338735,nan,nan
0.065,10.79672014544976,nan,nan
0.07,10.767619511979074,nan,nan
0.075,10.73653382329996,nan,nan
0.08,10.703497966862491,nan,nan
0.085,10.668548687759683,nan,nan
0.09,10.631724489552472,nan,nan
0.095,10.593065531833592,nan,nan
0.1,10.55261352501659,nan,nan
0.105,10.510411622837353,nan,nan
0.11,10.466504313056223,nan,nan
0.115,10.420937306842411,nan,nan
0.12,10.373757427315757,nan,nan
0.125,10.325012497710091,nan,nan
0.13,10.274751229609246,nan,nan
0.135,10.22302311169041,nan,nan
0.14,10.169878299392328,nan,nan
0.145,10.115367505904432,nan,nan
0.15,10.059541894852083,nan,nan
0.155,10.002452975029342,nan,nan
0.16,9.944152497505648,nan,nan
0.165,9.884692355407596,nan,nan
0.17,9.82412448665011,nan,nan
0.17500000000000002,9.76250077986518,nan,nan
0.18,9.699872983748397,nan,nan
0.185,9.63629262001684,nan,nan
0.19,9.571810900145165,nan,nan
0.195,9.506478646019833,nan,nan
0.2,9.440346214625627,nan,nan
0.20500000000000002,9.37346342685399,nan,nan
0.21,9.305879500497332,nan,nan
0.215,9.237642987471615,nan,nan
0.22,9.168801715286289,nan,nan
0.225,9.099402732760485,nan,nan
0.23,9.029492259964183,nan,nan
0.23500000000000001,8.959115642345505,nan,nan
0.24,8.888317308988304,nan,nan
0.245,8.817140734927687,nan,nan
0.25,8.74562840743918,nan,nan
0.255,8.673821796202759,nan,nan
0.26,8.601761327232431,nan,nan
0.265,8.5294863604528,nan,nan
0.27,8.45703517079469,nan,nan
0.275,8.384444932674942,nan,nan
0.28,8.311751707720182,nan,nan
0.28500000000000003,8.238990435588518,nan,nan
0.29,8.166194927740664,nan,nan
0.295,8.093397864008313,nan,nan
0.3,8.02063079180674,nan,nan
0.305,7.947924127837574,nan,nan
0.31,7.875307162128269,nan,nan
0.315,7.8028080642549416,nan,nan
0.32,7.730453891597925,nan,nan
0.325,7.658270599480698,nan,nan
0.33,7.586283053046536,nan,nan
0.335,7.514515040729839,nan,nan
0.34,7.4429892891835445,nan,nan
0.34500000000000003,7.3717274795276015,nan,nan
0.35000000000000003,7.300750264788282,nan,nan
0.355,7.230077288402862,nan,nan
0.36,7.159727203668928,nan,nan
0.365,7.089717694022659,nan,nan
0.37,7.02006549403604,nan,nan
0.375,6.950786411027651,nan,nan
0.38,6.881895347187497,nan,nan
0.385,6.813406322121313,nan,nan
0.39,6.745332495725353,nan,nan
0.395,6.6776861913075685,nan,nan
0.4,6.610478918876666,nan,nan
0.405,6.543721398525185,nan,nan
0.41000000000000003,6.4774235838378,nan,nan
0.41500000000000004,6.411594685260912,nan,nan
0.42,6.346243193374151,nan,nan
0.425,6.281376902008738,nan,nan
0.43,6.217002931162296,nan,nan
0.435,6.153127749663331,nan,nan
0.44,6.089757197542826,nan,nan
0.445,6.026896508074179,nan,nan
0.45,5.964550329445646,nan,nan
0.455,5.902722746033674,nan,nan
0.46,5.841417299247697,nan,nan
0.465,5.780637007920439,nan,nan
0.47000000000000003,5.720384388220252,nan,nan
0.47500000000000003,5.660661473064542,nan,nan
0.48,5.601469831015519,nan,nan
0.485,5.542810584641784,nan,nan
0.49,5.484684428330869,nan,nan
0.495,5.427091645539863,nan,nan
0.5,5.370032125472293,nan,nan
0.505,5.313505379171138,nan,nan
0.51,5.257510555018571,nan,nan
0.515,5.202046453634185,nan,nan
0.52,5.147111542163896,nan,nan
0.525,5.09270396795219,nan,nan
0.53,5.038821571590994,nan,nan
0.535,4.985461899337707,nan,nan
0.54,4.932622214895787,nan,nan
0.545,4.880299510549745,nan,nan
0.55,4.828490517646691,nan,nan
0.555,4.777191716414935,nan,nan
0.56,4.726399345109306,nan,nan
0.5650000000000001,4.676109408471248,nan,nan
0.5700000000000001,4.626317685489666,nan,nan
0.5750000000000001,4.577019736446735,nan,nan
0.58,4.528210909229654,nan,nan
0.585,4.479886344886658,nan,nan
0.59,4.432040982401908,nan,nan
0.595,4.3846695626594006,nan,nan
0.6,4.337766631561552,nan,nan
0.605,4.291326542262218,nan,nan
0.61,4.245343456467322,nan,nan
0.615,4.199811344749046,nan,nan
0.62,4.15472398581031,nan,nan
0.625,4.110074964626425,nan,nan
0.63,4.065857669379018,nan,nan
0.635,4.022065287083156,nan,nan
0.64,3.9786907977929844,nan,nan
0.645,3.935726967252196,nan,nan
0.65,3.8931663378332275,nan,nan
0.655,3.851001217583555,nan,nan
0.66,3.8092236671659707,nan,nan
0.665,3.7678254844437515,nan,nan
0.67,3.726798186417313,nan,nan
0.675,3.6861329881672344,nan,nan
0.68,3.6458207783954575,nan,nan
0.685,3.605852091080683,nan,nan
0.6900000000000001,3.5662170726720612,nan,nan
0.6950000000000001,3.5269054441332637,nan,nan
0.7000000000000001,3.4879064570110896,nan,nan
0.705,3.449208842534043,nan,nan
0.71,3.410800752535554,nan,nan
0.715,3.3726696907350284,nan,nan
0.72,3.334802432580432,nan,nan
0.725,3.297184931440081,nan,nan
0.73,3.2598022084012657,nan,nan
0.735,3.2226382222522276,nan,nan
0.74,3.1856757153424873,nan,nan
0.745,3.1488960298644866,nan,nan
0.75,3.1122788875790026,nan,nan
0.755,3.075802123980175,nan,nan
0.76,3.039441365162669,nan,nan
0.765,3.003169631922722,nan,nan
0.77,2.9669568504648636,nan,nan
0.775,2.9307692418444664,nan,nan
0.78,2.894568551952564,nan,nan
0.785,2.858311068871234,nan,nan
0.79,2.8219463522771,nan,nan
0.795,2.785415566099358,nan,nan
0.8,2.7486492538398406,nan,nan
0.805,2.7115643136004546,nan,nan
0.81,2.674059794828229,nan,nan
0.8150000000000001,2.636010909459199,nan,nan
0.8200000000000001,2.597260244453365,nan,nan
0.8250000000000001,2.557604409789788,nan,nan
0.8300000000000001,0.6350977591551086,1.1084339762859179,2.516772876338716
0.835,0.47175727861709577,1.2767115974375356,2.4743926404805108
0.84,0.36000870343831975,1.3959179299509918,2.4299251874562326
0.845,0.27030373436524535,1.4964224486721156,2.3825438047741585
0.85,0.1938161688256358,1.5884301922065216,2.330864178813604
0.855,0.12645379342576324,1.678678795242373,2.272235470249829
0.86,0.06591414312648829,1.7759359290382302,2.2001871145773984
0.865,0.010745746973424612,1.9133744692939472,2.0829924086418425
0.87,nan,nan,nan
0.875,nan,nan,nan
0.88,nan,nan,nan
0.885,nan,nan,nan
0.89,nan,nan,nan
0.895,nan,nan,nan
0.9,nan,nan,nan
0.905,nan,nan,nan
0.91,nan,nan,nan
0.915,nan,nan,nan
0.92,nan,nan,nan
0.925,nan,nan,nan
0.93,nan,nan,nan
0.935,nan,nan,nan
0.9400000000000001,nan,nan,nan
0.9450000000000001,nan,nan,nan
0.9500000000000001,nan,nan,nan
0.9550000000000001,nan,nan,nan
0.96,nan,nan,nan
0.965,nan,nan,nan
0.97,nan,nan,nan
0.975,nan,nan,nan
0.98,nan,nan,nan
0.985,nan,nan,nan
0.99,nan,nan,nan
0.995,nan,nan,nan
1.0,nan,nan,nan
1.0050000000000001,nan,nan,nan
1.01,nan,nan,nan
1.0150000000000001,nan,nan,nan
1.02,nan,nan,nan
1.025,nan,nan,nan
1.03,nan,nan,nan
1.035,nan,nan,nan
1.04,nan,nan,nan
1.045,nan,nan,nan
1.05,nan,nan,nan
1.055,nan,nan,nan
1.06,nan,nan,nan
1.065,nan,nan,nan
1.07,nan,nan,nan
1.075,nan,nan,nan
1.08,nan,nan,nan
1.085,nan,nan,nan
1.09,nan,nan,nan
1.095,nan,nan,nan
1.1,nan,nan,nan
1.105,nan,nan,nan
1.11,nan,nan,nan
1.115,nan,nan,nan
1.12,nan,nan,nan
1.125,nan,nan,nan
1.1300000000000001,nan,nan,nan
1.135,nan,nan,nan
1.1400000000000001,nan,nan,nan
1.145,nan,nan,nan
1.1500000000000001,nan,nan,nan
1.155,nan,nan,nan
1.16,nan,nan,nan
1.165,nan,nan,nan
1.17,nan,nan,nan
1.175,nan,nan,nan
1.18,nan,nan,nan
1.185,nan,nan,nan
1.19,nan,nan,nan
1.195,nan,nan,nan
1.2,nan,nan,nan
1.205,nan,nan,nan
1.21,nan,nan,nan
1.215,nan,nan,nan
1.22,nan,nan,nan
1.225,nan,nan,nan
1.23,nan,nan,nan
1.235,nan,nan,nan
1.24,nan,nan,nan
1.245,nan,nan,nan
1.25,nan,nan,nan
1.2550000000000001,nan,nan,nan
1.26,nan,nan,nan
1.2650000000000001,nan,nan,nan
1.27,nan,nan,nan
1.2750000000000001,nan,nan,nan
1.28,nan,nan,nan
1.285,nan,nan,nan
1.29,nan,nan,nan
1.295,nan,nan,nan
1.3,nan,nan,nan
1.305,nan,nan,nan
1.31,nan,nan,nan
1.315,nan,nan,nan
1.32,nan,nan,nan
1.325,nan,nan,nan
1.33,nan,nan,nan
1.335,nan,nan,nan
1.34,nan,nan,nan
1.345,nan,nan,nan
1.35,nan,nan,nan
1.355,nan,nan,nan
1.36,nan,nan,nan
1.365,nan,nan,nan
1.37,nan,nan,nan
1.375,nan,nan,nan
1.3800000000000001,nan,nan,nan
1.385,nan,nan,nan
1.3900000000000001,nan,nan,nan
1.395,nan,nan,nan
1.4000000000000001,nan,nan,nan
1.405,nan,nan,nan
1.41,nan,nan,nan
1.415,nan,nan,nan
1.42,nan,nan,nan
1.425,nan,nan,nan
1.43,nan,nan,nan
1.435,nan,nan,nan
1.44,nan,nan,nan
1.445,nan,nan,nan
1.45,nan,nan,nan
1.455,nan,nan,nan
1.46,nan,nan,nan
1.465,nan,nan,nan
1.47,nan,nan,nan
1.475,nan,nan,nan
1.48,nan,nan,nan
1.485,nan,nan,nan
1.49,nan,nan,nan
1.495,nan,nan,nan
1.5,nan,nan,nan
1.5050000000000001,nan,nan,nan
1.51,nan,nan,nan
1.5150000000000001,nan,nan,nan
1.52,nan,nan,nan
1.5250000000000001,nan,nan,nan
1.53,nan,nan,nan
1.5350000000000001,nan,nan,nan
1.54,nan,nan,nan
1.545,nan,nan,nan
1.55,nan,nan,nan
1.555,nan,nan,nan
1.56,nan,nan,nan
1.565,nan,nan,nan
1.57,nan,nan,nan
1.575,nan,nan,nan
1.58,nan,nan,nan
1.585,nan,nan,nan
1.59,nan,nan,nan
1.595,nan,nan,nan
1.6,nan,nan,nan
1.605,nan,nan,nan
1.61,nan,nan,nan
1.615,nan,nan,nan
1.62,nan,nan,nan
1.625,nan,nan,nan
1.6300000000000001,nan,nan,nan
1.635,1.2276843661867323,1.299176869364394,nan
1.6400000000000001,1.2067888726402825,1.311663926245587,nan
1.645,1.190219041941033,1.3198696613613856,nan
1.6500000000000001,1.1758119269028042,1.3259567854305732,nan
1.655,1.1627788265580845,1.330713762426903,nan
1.6600000000000001,1.1507251343323999,1.3345349614877793,nan
1.665,1.1394194261724389,1.3376515688657837,nan
1.67,1.1287119883308379,1.340213060220215,nan
1.675,1.1184992317647389,1.3423227862917269,nan
1.68,1.1087058698958654,1.3440557952123662,nan
1.685,1.099275088876264,1.3454686623070193,nan
1.69,1.090162720627409,1.3466053171186732,nan
1.695,1.0813335891539948,1.3475006971562755,nan
1.7,1.0727591139702406,1.3481831445274632,nan
1.705,1.06441567883765,1.3486760372573117,nan
1.71,1.0562834864996875,1.3489989346077458,nan
1.715,1.0483457331855528,1.3491684026255353,nan
1.72,1.0405879999750283,1.3491986228269541,nan
1.725,1.0329977951279472,1.3491018499156597,nan
1.73,1.0255642039294681,1.348888761982696,nan
1.735,1.018277616660129,1.3485687325796945,nan
1.74,1.0111295143549175,1.348150045001156,nan
1.745,1.0041122979950858,1.3476400631321017,nan
1.75,0.9972191508136875,1.3470453691802298,nan
1.7550000000000001,0.9904439261765035,1.3463718758309635,nan
1.76,0.9837810554498144,1.3456249184139841,nan
1.7650000000000001,0.9772254716562614,1.3448093312800953,nan
1.77,0.9707725457254315,1.343929511581799,nan
1.7750000000000001,0.9644180328829772,1.3429894729138752,nan
1.78,0.958158027269612,1.3419928907226701,nan
1.7850000000000001,0.9519889232924461,1.340943140981647,nan
1.79,0.9459073825233436,1.3398433333186044,nan
1.795,0.9399103051983219,1.3386963395405864,nan
1.8,0.9339948055572168,1.3375048183172855,nan
1.805,0.9281581904074047,1.3362712366392273,nan
1.81,0.9223979404091188,1.3349978885532081,nan
1.815,0.9167116936700095,1.3336869115874022,nan
1.82,0.9110972313086243,1.3323403012064963,nan
1.825,0.905552464704281,1.330959923579412,nan
1.83,0.90007542419761,1.3295475268953807,nan
1.835,0.8946642490440886,1.3281047514261,nan
1.84,0.8893171784539939,1.3266331385005408,nan
1.845,0.8840325435778553,1.325134138533414,nan
1.85,0.8788087603175699,1.3236091182271073,nan
1.855,0.8736443228610009,1.322059367049345,nan
1.86,0.8685377978524526,1.3204861030741997,nan
1.865,0.863487819123792,1.3188904782616975,nan
1.87,0.8584930829212292,1.3172735832410318,nan
1.875,0.8535523435715618,1.3156364516536696,nan
1.8800000000000001,0.8486644095390805,1.313980064105056,nan
1.885,0.8438281398305904,1.3123053517676457,nan
1.8900000000000001,0.8390424407114316,1.3106131996722303,nan
1.895,0.8343062626999702,1.3089044497202713,nan
1.9000000000000001,0.8296185978119495,1.3071799034457707,nan
1.905,0.82497847702959,1.3054403245518433,nan
1.9100000000000001,0.8203849679731805,1.3036864412442757,nan
1.915,0.8158371727555315,1.3019189483817042,nan
1.92,0.8113342260018465,1.3001385094599158,nan
1.925,0.8068752930195173,1.2983457584457077,nan
1.93,0.8024595681040478,1.2965413014742173,nan
1.935,0.7980862729687713,1.2947257184219838,nan
1.94,0.7937546552873553,1.2928995643668322,nan
1.945,0.7894639873392177,1.2910633709444341,nan
1.95,0.785213564748984,1.2892176476104462,nan
1.955,0.7810027053120185,1.2873628828161867,nan
1.96,0.7768307478988498,1.2854995451051172,nan
1.965,0.7726970514320004,1.2836280841365004,nan
1.97,0.7686009939293739,1.2817489316422404,nan
1.975,0.764541971608886,1.2798625023221355,nan
1.98,0.7605193980495383,1.2779691946823815,nan
1.985,0.7565327034045614,1.2760693918217445,nan
1.99,0.7525813336626634,1.2741634621693245,nan
1.995,0.7486647499537641,1.272251760177576,nan
2.0,0.7447824278959194,1.2703346269738907,nan
2.005,0.7409338569804242,1.2684123909737473,nan
2.0100000000000002,0.7371185399923423,1.2664853684582211,nan
2.015,0.7333359924639492,1.2645538641183303,nan
2.02,0.7295857421587674,1.2626181715685871,nan
2.025,0.725867328584091,1.2606785738318733,nan
2.0300000000000002,0.7221803025300371,1.2587353437975595,nan
2.035,0.7185242256333523,1.25678874465471,nan
2.04,0.7148986699643131,1.2548390303020025,nan
2.045,0.7113032176352044,1.2528864457358997,nan
2.05,0.7077374604289806,1.250931227418485,nan
2.055,0.7042009994468156,1.2489736036262304,nan
2.06,0.7006934447733334,1.247013794780967,nan
2.065,0.6972144151584315,1.2450520137641052,nan
2.07,0.6937635377146569,1.2430884662151545,nan
2.075,0.6903404476291956,1.24112335081553,nan
2.08,0.686944787889581,1.2391568595585003,nan
2.085,0.6835762090223214,1.2371891780060944,nan
2.09,0.6802343688436653,1.2352204855337872,nan
2.095,0.6769189322218101,1.2332509555636042,nan
2.1,0.6736295708498936,1.2312807557863743,nan
2.105,0.6703659630291452,1.2293100483737054,nan
2.11,0.667127793461639,1.2273389901802865,nan
2.115,0.6639147530520987,1.2253677329370392,nan
2.12,0.6607265387182678,1.2233964234356434,nan
2.125,0.657562853209372,1.2214252037048772,nan
2.13,0.6544234049322372,1.2194542111792444,nan
2.1350000000000002,0.6513079077846605,1.2174835788602727,nan
2.14,0.6482160809956461,1.215513435470896,nan
2.145,0.6451476489721465,1.213543905603261,nan
2.15,0.6421023411519836,1.2115751098603063,nan
2.1550000000000002,0.6390798918626158,1.2096071649914553,nan
2.16,0.636080040185478,1.2076401840226607,nan
2.165,0.6331025298255908,1.2056742763811623,nan
2.17,0.630147108986201,1.2037095480151658,nan
2.1750000000000003,0.6272135302481876,1.2017461015087147,nan
2.18,0.6243015504540168,1.1997840361919714,nan
2.185,0.6214109305960145,1.1978234482471735,nan
2.19,0.6185414357087623,1.1958644308104085,nan
2.195,0.6156928347654129,1.1939070740694622,nan
2.2,0.6128649005777485,1.1919514653578993,nan
2.205,0.6100574096998064,1.189997689245547,nan
2.21,0.6072701423349085,1.1880458276255608,nan
2.215,0.6045028822459434,1.1860959597982181,nan
2.22,0.6017554166687478,1.184148162551609,nan
2.225,0.5990275362284581,1.1822025102393354,nan
2.23,0.5963190348586959,1.1802590748553607,nan
2.235,0.5936297097234658,1.178317926106153,nan
2.24,0.5909593611416454,1.1763791314802299,nan
2.245,0.588307792513962,1.1744427563151931,nan
2.25,0.585674810252343,1.172508863862405,nan
2.255,0.5830602237115471,1.1705775153493891,nan
2.2600000000000002,0.5804638451229791,1.1686487700400177,nan
2.265,0.5778854895305926,1.1667226852926522,nan
2.27,0.5753249747288038,1.1647993166162485,nan
2.275,0.5727821212023315,1.1628787177245499,nan
2.2800000000000002,0.5702567520678815,1.1609609405884465,nan
2.285,0.567748693017609,1.1590460354865595,nan
2.29,0.5652577722642821,1.1571340510541388,nan
2.295,0.5627838204880886,1.1552250343303185,nan
2.3000000000000003,0.5603266707850084,1.1533190308038275,nan
2.305,0.5578861586167096,1.1514160844571903,nan
2.31,0.5554621217618904,1.149516237809483,nan
2.315,0.5530544002690293,1.1476195319577105,nan
2.32,0.5506628364104806,1.1457260066168464,nan
2.325,0.5482872746378669,1.1438357001586,nan
2.33,0.5459275615387239,1.1419486496489308,nan
2.335,0.5435835457943489,1.1400648908844013,nan
2.34,0.541255078138809,1.1381844584273753,nan
2.345,0.5389420113190728,1.1363073856401142,nan
2.35,0.5366442000562145,1.1344337047178243,nan
2.355,0.5343615010076643,1.1325634467206813,nan
2.36,0.5320937727304619,1.130696641604871,nan
2.365,0.5298408756454788,1.1288333182526733,nan
2.37,0.5276026720025789,1.12697350450166,nan
2.375,0.52537902584668,1.1251172271729877,nan
2.38,0.5231698029846905,1.1232645120988527,nan
2.3850000000000002,0.5209748709532916,1.1214153841491228,nan
2.39,0.5187940989875317,1.1195698672571837,nan
2.395,0.516627357990213,1.1177279844450188,nan
2.4,0.5144745205020378,1.1158897578475588,nan
2.4050000000000002,0.512335460672496,1.114055208736308,nan
2.41,0.5102100542314641,1.1122243575423039,nan
2.415,0.5080981784614957,1.1103972238783821,nan
2.42,0.5059997121707813,1.1085738265608418,nan
2.4250000000000003,0.5039145356667557,1.1067541836304604,nan
2.43,0.5018425307303348,1.1049383123729126,nan
2.435,0.4997835805907569,1.1031262293386257,nan
2.44,0.497737569901016,1.101317950362062,nan
2.445,0.49570438471386347,1.0995134905804687,nan
2.45,0.49368391245836707,1.0977128644520853,nan
2.455,0.4916760419170043,1.09591608577388,nan
2.46,0.4896806632032756,1.0941231676987542,nan
2.465,0.4876976677398267,1.0923341227522991,nan
2.47,0.48572694823705587,1.0905489628490876,nan
2.475,0.483768398672204,1.0887676993085078,nan
2.48,0.4818219142688985,1.0869903428701901,nan
2.485,0.4798873914771538,1.0852169037089874,nan
2.49,0.47796472795380174,1.0834473914495766,nan
2.495,0.4760538225433493,1.08168181518065,nan
2.5,0.4741545752592448,1.0799201834687409,nan
2.505,0.4722668872655463,1.0781625043716576,nan
2.5100000000000002,0.47039066085897613,1.0764087854515931,nan
2.515,0.46852579945135525,1.0746590337878656,nan
2.52,0.46667220755240446,1.0729132559893233,nan
2.525,0.4648297907529028,1.0711714582064336,nan
2.5300000000000002,0.4629984557081938,1.0694336461430474,nan
2.535,0.4611781101220294,1.0676998250678675,nan
2.54,0.4593686627307447,1.0659699998256065,nan
2.545,0.45757002328775076,1.0642441748478613,nan
2.5500000000000003,0.45578210254834095,1.0625223541637123,nan
2.555,0.4540048122548034,1.0608045414100398,nan
2.56,0.4522380651218221,1.0590907398415887,nan
2.565,0.4504817748221745,1.0573809523407656,nan
2.57,0.4487358559727056,1.055675181427191,nan
2.575,0.44700022412057483,1.0539734292670102,nan
2.58,0.4452747957297731,1.0522756976819654,nan
2.585,0.4435594881678953,1.050581988158244,nan
2.59,0.44185421969317135,1.0488923018551042,nan
2.595,0.44015890944173813,1.047206639613276,nan
2.6,0.4384734774151589,1.045525001963167,nan
2.605,0.43679784446817316,1.0438473891328495,nan
2.61,0.4351319322966768,1.0421738010558617,nan
2.615,0.4334756634259269,1.0405042373788047,nan
2.62,0.4318289611989647,1.0388386974687613,nan
2.625,0.43019174976525026,1.037177180420528,nan
2.63,0.42856395406950615,1.0355196850636692,nan
2.6350000000000002,0.4269454998407644,1.0338662099693992,nan
2.64,0.4253363135816123,1.0322167534572968,nan
2.645,0.4237363225576277,1.030571313601858,nan
2.65,0.42214545478701027,1.0289298882388824,nan
2.6550000000000002,0.42056363903039107,1.027292474971719,nan
2.66,0.4189908047808264,1.0256590711773432,nan
2.665,0.41742688225396685,1.0240296740123027,nan
2.67,0.4158718023783977,1.022404280418511,nan
2.6750000000000003,0.4143254967861502,1.0207828871289069,nan
2.68,0.4127878978033747,1.019165490672973,nan
2.685,0.4112589384411768,1.0175520873821293,nan
2.69,0.40973855238660933,1.0159426733949999,nan
2.695,0.40822667399381984,1.0143372446625367,nan
2.7,0.4067232382753471,1.0127357969530426,nan
2.705,0.4052281808935665,1.0111383258570699,nan
2.71,0.40374143815227703,1.0095448267921954,nan
2.715,0.4022629469884319,1.0079552950076862,nan
2.72,0.4007926449640049,1.006369725589066,nan
2.725,0.3993304702579936,1.0047881134625578,nan
2.73,0.3978763616585531,1.0032104533994295,nan
2.735,0.39643025855525804,1.0016367400202464,nan
2.74,0.39499210093149584,1.00006696779901,nan
2.745,0.39356182935697875,0.9985011310672023,nan
2.75,0.392139384980379,0.9969392240177504,nan
2.755,0.3907247095220835,0.9953812407088836,nan
2.7600000000000002,0.3893177452670644,0.9938271750679042,nan
2.765,0.3879184350578646,0.9922770208948716,nan
2.77,0.3865267222876919,0.9907307718662083,nan
2.775,0.3851425508936262,0.989188421538211,nan
2.7800000000000002,0.3837658653499315,0.9876499633504897,nan
2.785,0.3823966106614755,0.9861153906293169,nan
2.79,0.3810347323572471,0.9845846965909161,nan
2.795,0.3796801764839819,0.9830578743446586,nan
2.8000000000000003,0.3783328895998796,0.9815349168961934,nan
2.805,0.3769928187684249,0.9800158171505106,nan
2.81,0.3756599115522969,0.9785005679149243,nan
2.815,0.3743341160073771,0.9769891619019951,nan
2.82,0.3730153806768463,0.9754815917323824,nan
2.825,0.37170365458537097,0.9739778499376291,nan
2.83,0.37039888723337866,0.972477928962894,nan
2.835,0.36910102859141947,0.9709818211696044,nan
2.84,0.3678100290946107,0.9694895188380601,nan
2.845,0.3665258396371667,0.9680010141699867,nan
2.85,0.3652484115670084,0.966516299290999,nan
2.855,0.3639776966804536,0.9650353662530492,nan
2.86,0.36271364721698546,0.9635582070367895,nan
2.865,0.361456215854098,0.9620848135538913,nan
2.87,0.3602053557022167,0.9606151776493156,nan
2.875,0.3589610202996949,0.9591492911035283,nan
2.88,0.35772316360788003,0.9576871456346603,nan
2.8850000000000002,0.3564917400062548,0.956228732900627,nan
2.89,0.3552667042876452,0.954774044501196,nan
2.895,0.3540480116534999,0.9533230719800097,nan
2.9,0.35283561770923655,0.951875806826559,nan
2.9050000000000002,0.3516294784596533,0.9504322404781146,nan
2.91,0.3504295503044082,0.9489923643216123,nan
2.915,0.3492357900335594,0.9475561696955086,nan
2.92,0.3480481548231717,0.9461236478915637,nan
2.9250000000000003,0.34686660223098154,0.9446947901566264,nan
2.93,0.3456910901921264,0.9432695876943387,nan
2.935,0.344521577014931,0.9418480316668285,nan
2.94,0.3433580213767526,0.9404301131963547,nan
2.945,0.3422003823198858,0.9390158233669124,nan
2.95,0.3410486192475218,0.9376051532258065,nan
2.955,0.33990269191976485,0.9361980937851928,nan
2.96,0.33876256044970265,0.9347946360235693,nan
2.965,0.3376281852995303,0.9333947708872569,nan
2.97,0.3364995272767281,0.9319984892918217,nan
2.975,0.335376547530291,0.930605782123489,nan
2.98,0.3342592075470082,0.9292166402405031,nan
2.985,0.33314746914779425,0.9278310544744798,nan
2.99,0.3320412944840687,0.9264490156316972,nan
2.995,0.33094064603418566,0.9250705144943939,nan
3.0,0.3298454865999088,0.9236955418220115,nan
3.005,0.32875577930293626,0.9223240883524079,nan
3.0100000000000002,0.3276714875814685,0.9209561448030711,nan
3.015,0.3265925751868256,0.91959170187227,nan
3.02,0.3255190061801043,0.9182307502402008,nan
3.025,0.3244507449288844,0.9168732805701015,nan
3.0300000000000002,0.32338775610397386,0.9155192835093442,nan
3.035,0.3223300046762002,0.914168749690493,nan
3.04,0.3212774559132405,0.9128216697323478,nan
3.045,0.3202300753764942,0.9114780342409631,nan
3.0500000000000003,0.31918782891799785,0.9101378338106353,nan
3.055,0.31815068267737745,0.9088010590248756,nan
3.06,0.31711860307884027,0.9074677004573627,nan
3.065,0.3160915568282068,0.9061377486728578,nan
3.0700000000000003,0.31506951090998014,0.9048111942281223,nan
3.075,0.3140524325844524,0.9034880276727913,nan
3.08,0.31304028938484824,0.9021682395502433,nan
3.085,0.3120330491145046,0.9008518203984421,nan
3.09,0.3110306798440862,0.8995387607507581,nan
3.095,0.31003314990883707,0.8982290511367779,nan
3.1,0.309040427905865,0.8969226820830871,nan
3.105,0.30805248269146135,0.8956196441140414,nan
3.11,0.30706928337845424,0.8943199277525108,nan
3.115,0.3060907993335945,0.8930235235206151,nan
3.12,0.30511700017497473,0.8917304219404448,nan
3.125,0.3041478557694797,0.8904406135347466,nan
3.13,0.30318333623026883,0.8891540888276174,nan
3.1350000000000002,0.30222341191428914,0.8878708383451615,nan
3.14,0.30126805341982077,0.8865908526161465,nan
3.145,0.3003172315840496,0.8853141221726342,nan
3.15,0.29937091748067224,0.884040637550603,nan
3.1550000000000002,0.298429082417529,0.8827703892905492,nan
3.16,0.2974916979342663,0.881503367938078,nan
3.165,0.2965587358000269,0.8802395640444806,nan
3.17,0.29563016801116865,0.8789789681672968,nan
3.1750000000000003,0.29470596678901084,0.8777215708708604,nan
3.18,0.29378610457760723,0.8764673627268396,nan
3.185,0.29287055404154655,0.875216334314753,nan
3.19,0.2919592880637789,0.8739684762224822,nan
3.1950000000000003,0.29105227974346837,0.8727237790467695,nan
3.2,0.2901495023938711,0.8714822333937003,nan
3.205,0.28925092954023957,0.8702438298791795,nan
3.21,0.28835653491774976,0.8690085591293877,nan
3.215,0.2874662924694552,0.8677764117812319,nan
3.22,0.2865801763442635,0.8665473784827905,nan
3.225,0.28569816089493816,0.8653214498937288,nan
3.23,0.2848202206761221,0.8640986166857259,nan
3.235,0.2839463304423864,0.8628788695428753,nan
3.24,0.2830764651462998,0.861662199162081,nan
3.245,0.28221059993652325,0.8604485962534476,nan
3.25,0.281348710155924,0.8592380515406475,nan
3.255,0.28049077133971334,0.8580305557612965,nan
3.2600000000000002,0.2796367592136058,0.8568260996673004,nan
3.265,0.2787866496919984,0.855624674025212,nan
3.27,0.27794041887617316,0.8544262696165619,nan
3.275,0.2770980430525177,0.8532308772381915,nan
3.2800000000000002,0.2762594986907681,0.8520384877025722,nan
3.285,0.2754247624422717,0.8508490918381147,nan
3.29,0.2745938111382686,0.8496626804894778,nan
3.295,0.273766621788194,0.8484792445178619,nan
3.3000000000000003,0.2729431715779995,0.8472987748012941,nan
3.305,0.2721234378684938,0.8461212622349051,nan
3.31,0.271307398193701,0.8449466977312134,nan
3.315,0.2704950302592383,0.8437750722203723,nan
3.3200000000000003,0.26968631194071285,0.8426063766504415,nan
3.325,0.268881221282135,0.8414406019876265,nan
3.33,0.2680797364943501,0.8402777392165282,nan
3.335,0.2672818359534883,0.8391177793403735,nan
3.34,0.26648749819943124,0.8379607133812461,nan
3.345,0.26569670193429545,0.8368065323803088,nan
3.35,0.2649094260209334,0.8356552273980214,nan
3.355,0.2641256494814511,0.8345067895143414,nan
3.36,0.26334535149574106,0.8333612098289407,nan
3.365,0.2625685114000333,0.8322184794613884,nan
3.37,0.2617951086854607,0.8310785895513519,nan
3.375,0.2610251229966409,0.8299415312587776,nan
3.38,0.26025853413027394,0.8288072957640713,nan
3.3850000000000002,0.2594953220337547,0.8276758742682672,nan
3.39,0.25873546680380116,0.8265472579932077,nan
3.395,0.257978948685097,0.8254214381816919,nan
3.4,0.2572257480689494,0.8242984060976449,nan
3.4050000000000002,0.2564758454919618,0.8231781530262622,nan
3.41,0.2557292216347195,0.822060670274162,nan
3.415,0.25498585732049217,0.8209459491695243,nan
3.42,0.2542457335139471,0.8198339810622303,nan
3.4250000000000003,0.2535088313198793,0.8187247573239944,nan
3.43,0.25277513198195384,0.8176182693484916,nan
3.435,0.25204461688146124,0.816514508551483,nan
3.44,0.2513172675360869,0.8154134663709321,nan
3.4450000000000003,0.2505930655986945,0.8143151342671211,nan
3.45,0.24987199285612066,0.8132195037227644,nan
3.455,0.2491540312279836,0.8121265662431058,nan
3.46,0.2484391627655037,0.8110363133560307,nan
3.465,0.24772736965033776,0.8099487366121594,nan
3.47,0.24701863419342437,0.8088638275849397,nan
3.475,0.24631293883384212,0.8077815778707407,nan
3.48,0.24561026613767986,0.8067019790889375,nan
3.485,0.24491059879691868,0.8056250228819958,nan
3.49,0.2442139196283249,0.8045507009155465,nan
3.495,0.24352021157235698,0.803479004878469,nan
3.5,0.2428294576920812,0.8024099264829561,nan
3.505,0.2421416411720998,0.8013434574645866,nan
3.5100000000000002,0.24145674531749067,0.800279589582392,nan
3.515,0.24077475355275832,0.799218314618914,nan
3.52,0.2400956494207935,0.7981596243802708,nan
3.525,0.23941941658184693,0.7971035106962042,nan
3.5300000000000002,0.23874603881251086,0.796049965420141,nan
3.535,0.2380755000047128,0.7949989804292394,nan
3.54,0.23740778416471897,0.7939505476244358,nan
3.545,0.2367428754121479,0.7929046589304867,nan
3.5500000000000003,0.23608075797899467,0.7918613062960177,nan
3.555,0.2354214162086651,0.7908204816935539,nan
3.56,0.23476483455501826,0.7897821771195609,nan
3.565,0.23411099758142223,0.7887463845944765,nan
3.5700000000000003,0.2334598899598153,0.787713096162744,nan
3.575,0.23281149646978044,0.7866823038928337,nan
3.58,0.23216580199762585,0.7856539998772804,nan
3.585,0.2315227915354782,0.7846281762326959,nan
3.59,0.23088245018038184,0.7836048250997943,nan
3.595,0.23024476313340986,0.7825839386434134,nan
3.6,0.22960971569878208,0.7815655090525305,nan
3.605,0.22897729328299254,0.7805495285402702,nan
3.61,0.22834748139394687,0.7795359893439282,nan
3.615,0.22772026564010647,0.778524883724972,nan
3.62,0.22709563172964264,0.7775162039690542,nan
3.625,0.22647356546959846,0.776509942386016,nan
3.63,0.22585405276505946,0.7755060913098948,nan
3.6350000000000002,0.2252370796183321,0.7745046430989198,nan
3.64,0.22462263212813116,0.7735055901355231,nan
3.645,0.22401069648877384,0.7725089248263269,nan
3.65,0.22340125898938384,0.7715146396021473,nan
3.6550000000000002,0.22279430601310113,0.7705227269179901,nan
3.66,0.22218982403630144,0.769533179253037,nan
3.665,0.2215877996278219,0.7685459891106469,nan
3.67,0.22098821944819558,0.7675611490183373,nan
3.6750000000000003,0.22039107024889276,0.7665786515277789,nan
3.68,0.2197963388715695,0.7655984892147779,nan
3.685,0.2192040122473244,0.7646206546792653,nan
3.69,0.2186140773959618,0.7636451405452787,nan
3.6950000000000003,0.2180265214252631,0.7626719394609465,nan
3.7,0.21744133153026374,0.7617010440984637,nan
3.705,0.21685849499253834,0.7607324471540772,nan
3.71,0.21627799917949347,0.759766141348065,nan
3.715,0.21569983154366446,0.7588021194247061,nan
3.72,0.21512397962202254,0.7578403741522621,nan
3.725,0.21455043103528645,0.7568808983229497,nan
3.73,0.2139791734872407,0.7559236847529134,nan
3.735,0.21341019476406178,0.7549687262821992,nan
3.74,0.2128434827336494,0.7540160157747238,nan
3.745,0.21227902534496518,0.7530655461182434,nan
3.75,0.21171681062737682,0.7521173102243246,nan
3.755,0.2111568266900094,0.75117130102831,nan
3.7600000000000002,0.21059906172110207,0.7502275114892857,nan
3.765,0.21004350398737198,0.7492859345900451,nan
3.77,0.2094901418333822,0.7483465633370553,nan
3.775,0.2089389636809183,0.747409390760418,nan
3.7800000000000002,0.20838995802836915,0.7464744099138338,nan
3.785,0.20784311345011366,0.7455416138745636,nan
3.79,0.20729841859591386,0.7446109957433878,nan
3.795,0.20675586219031353,0.7436825486445656,nan
3.8000000000000003,0.20621543303204257,0.7427562657257956,nan
3.805,0.20567711999342647,0.7418321401581723,nan
3.81,0.2051409120198021,0.7409101651361444,nan
3.815,0.20460679812893862,0.73999033387747,nan
3.8200000000000003,0.20407476741046343,0.73907263962317,nan
3.825,0.20354480902529434,0.7381570756374892,nan
3.83,0.20301691220507642,0.7372436352078444,nan
3.835,0.20249106625162389,0.7363323116447769,nan
3.84,0.2019672605363684,0.7354230982819112,nan
3.845,0.20144548449981062,0.7345159884759027,nan
3.85,0.20092572765097869,0.7336109756063885,nan
3.855,0.20040797956689074,0.7327080530759378,nan
3.86,0.19989222989202227,0.7318072143100068,nan
3.865,0.19937846833777892,0.7309084527568794,nan
3.87,0.19886668468197422,0.7300117618876244,nan
3.875,0.19835686876831135,0.7291171351960389,nan
3.88,0.19784901050587075,0.7282245661985968,nan
3.8850000000000002,0.19734309986860116,0.7273340484343945,nan
3.89,0.19683912689481667,0.7264455754651022,nan
3.895,0.19633708168669758,0.725559140874905,nan
3.9,0.1958369544097958,0.7246747382704495,nan
3.9050000000000002,0.19533873529254495,0.7237923612807888,nan
3.91,0.19484241462577528,0.7229120035573309,nan
3.915,0.19434798276223236,0.7220336587737756,nan
3.92,0.19385543011610037,0.7211573206260665,nan
3.9250000000000003,0.19336474716252985,0.7202829828323248,nan
3.93,0.19287592443717008,0.7194106391328032,nan
3.935,0.19238895253570473,0.7185402832898159,nan
3.94,0.19190382211339235,0.7176719090876932,nan
3.9450000000000003,0.191420523884611,0.7168055103327149,nan
3.95,0.1909390486224073,0.7159410808530517,nan
3.955,0.19045938715804794,0.7150786144987115,nan
3.96,0.18998153038057783,0.7142181051414765,nan
3.9650000000000003,0.18950546923638018,0.7133595466748428,nan
3.97,0.18903119472874091,0.7125029330139633,nan
3.975,0.1885586979174171,0.7116482580955841,nan
3.98,0.1880879699182101,0.7107955158779866,nan
3.985,0.1876190019025411,0.7099447003409276,nan
3.99,0.1871517850970311,0.7090958054855715,nan
3.995,0.1866863107830851,0.7082488253344391,nan
4.0,0.18622257029647885,0.7074037539313364,nan
