varpi,attached_upper,detached_lower,detached_upper
0.0,2.785293563405282,nan,nan
0.0025,2.785293563405282,nan,nan
0.005,2.785293563405282,nan,nan
0.0075,2.785293563405282,nan,nan
0.01,2.785293563405282,nan,nan
0.0125,2.785293563405282,nan,nan
0.015,2.785293563405282,nan,nan
0.0175,2.785293563405282,nan,nan
0.02,2.785293563405282,nan,nan
0.0225,2.785293563405282,nan,nan
0.025,2.785293563405282,nan,nan
0.0275,2.785293563405282,nan,nan
0.03,2.785293563405282,nan,nan
0.0325,2.785293563405282,nan,nan
0.035,2.785293563405282,nan,nan
0.0375,2.785293563405282,nan,nan
0.04,2.785293563405282,nan,nan
0.0425,2.785293563405282,nan,nan
0.045,2.785293563405282,nan,nan
0.0475,2.785293563405282,nan,nan
0.05,2.785293563405282,nan,nan
0.0525,2.785293563405282,nan,nan
0.055,2.785293563405282,nan,nan
0.0575,2.785293563405282,nan,nan
0.06,2.785293563405282,nan,nan
0.0625,2.785293563405282,nan,nan
0.065,2.785293563405282,nan,nan
0.0675,2.785293563405282,nan,nan
0.07,2.785293563405282,nan,nan
0.0725,2.785293563405282,nan,nan
0.075,2.785293563405282,nan,nan
0.0775,2.785293563405282,nan,nan
0.08,2.785293563405282,nan,nan
0.0825,2.785293563405282,nan,nan
0.085,2.785293563405282,nan,nan
0.08750000000000001,2.785293563405282,nan,nan
0.09,2.785293563405282,nan,nan
0.0925,2.785293563405282,nan,nan
0.095,2.785293563405282,nan,nan
0.0975,2.785293563405282,nan,nan
0.1,2.785293563405282,nan,nan
0.10250000000000001,2.785293563405282,nan,nan
0.105,2.785293563405282,nan,nan
0.1075,2.785293563405282,nan,nan
0.11,2.785293563405282,nan,nan
0.1125,2.785293563405282,nan,nan
0.115,2.785293563405282,nan,nan
0.11750000000000001,2.785293563405282,nan,nan
0.12,2.785293563405282,nan,nan
0.1225,2.785293563405282,nan,nan
0.125,2.785293563405282,nan,nan
0.1275,2.785293563405282,nan,nan
0.13,2.785293563405282,nan,nan
0.1325,2.785293563405282,nan,nan
0.135,2.785293563405282,nan,nan
0.1375,2.785293563405282,nan,nan
0.14,2.785293563405282,nan,nan
0.14250000000000002,2.785293563405282,nan,nan
0.145,2.785293563405282,nan,nan
0.1475,2.785293563405282,nan,nan
0.15,2.785293563405282,nan,nan
0.1525,2.785293563405282,nan,nan
0.155,2.785293563405282,nan,nan
0.1575,2.785293563405282,nan,nan
0.16,2.785293563405282,nan,nan
0.1625,2.785293563405282,nan,nan
0.165,2.785293563405282,nan,nan
0.1675,2.785293563405282,nan,nan
0.17,2.785293563405282,nan,nan
0.17250000000000001,2.785293563405282,nan,nan
0.17500000000000002,2.785293563405282,nan,nan
0.1775,2.785293563405282,nan,nan
0.18,2.785293563405282,nan,nan
0.1825,2.785293563405282,nan,nan
0.185,2.785293563405282,nan,nan
0.1875,2.785293563405282,nan,nan
0.19,2.785293563405282,nan,nan
0.1925,2.785293563405282,nan,nan
0.195,2.785293563405282,nan,nan
0.1975,2.785293563405282,nan,nan
0.2,2.785293563405282,nan,nan
0.2025,2.785293563405282,nan,nan
0.20500000000000002,2.785293563405282,nan,nan
0.20750000000000002,2.785293563405282,nan,nan
0.21,2.785293563405282,nan,nan
0.2125,2.785293563405282,nan,nan
0.215,2.785293563405282,nan,nan
0.2175,2.785293563405282,nan,nan
0.22,2.785293563405282,nan,nan
0.2225,2.785293563405282,nan,nan
0.225,2.785293563405282,nan,nan
0.2275,2.785293563405282,nan,nan
0.23,2.785293563405282,nan,nan
0.2325,2.785293563405282,nan,nan
0.23500000000000001,2.785293563405282,nan,nan
0.23750000000000002,2.785293563405282,nan,nan
0.24,2.785293563405282,nan,nan
0.2425,2.785293563405282,nan,nan
0.245,2.785293563405282,nan,nan
0.2475,2.785293563405282,nan,nan
0.25,2.785293563405282,nan,nan
0.2525,2.785293563405282,nan,nan
0.255,2.785293563405282,nan,nan
0.2575,2.785293563405282,nan,nan
0.26,2.785293563405282,nan,nan
0.2625,2.785293563405282,nan,nan
0.265,2.785293563405282,nan,nan
0.2675,2.785293563405282,nan,nan
0.27,2.785293563405282,nan,nan
0.2725,2.785293563405282,nan,nan
0.275,2.785293563405282,nan,nan
0.2775,2.785293563405282,nan,nan
0.28,2.785293563405282,nan,nan
0.28250000000000003,2.785293563405282,nan,nan
0.28500000000000003,2.785293563405282,nan,nan
0.28750000000000003,2.785293563405282,nan,nan
0.29,2.785293563405282,nan,nan
0.2925,2.785293563405282,nan,nan
0.295,2.785293563405282,nan,nan
0.2975,2.785293563405282,nan,nan
0.3,2.785293563405282,nan,nan
0.3025,2.785293563405282,nan,nan
0.305,2.785293563405282,nan,nan
0.3075,2.785293563405282,nan,nan
0.31,2.785293563405282,nan,nan
0.3125,2.785293563405282,nan,nan
0.315,2.785293563405282,nan,nan
0.3175,2.785293563405282,nan,nan
0.32,2.785293563405282,nan,nan
0.3225,2.785293563405282,nan,nan
0.325,2.785293563405282,nan,nan
0.3275,2.785293563405282,nan,nan
0.33,2.785293563405282,nan,nan
0.3325,2.785293563405282,nan,nan
0.335,2.785293563405282,nan,nan
0.3375,2.785293563405282,nan,nan
0.34,2.785293563405282,nan,nan
0.3425,2.785293563405282,nan,nan
0.34500000000000003,2.785293563405282,nan,nan
0.34750000000000003,2.785293563405282,nan,nan
0.35000000000000003,2.785293563405282,nan,nan
0.3525,2.785293563405282,nan,nan
0.355,2.785293563405282,nan,nan
0.3575,2.785293563405282,nan,nan
0.36,2.785293563405282,nan,nan
0.3625,2.785293563405282,nan,nan
0.365,2.785293563405282,nan,nan
0.3675,2.785293563405282,nan,nan
0.37,2.785293563405282,nan,nan
0.3725,2.785293563405282,nan,nan
0.375,2.785293563405282,nan,nan
0.3775,2.785293563405282,nan,nan
0.38,2.785293563405282,nan,nan
0.3825,2.785293563405282,nan,nan
0.385,2.785293563405282,nan,nan
0.3875,2.785293563405282,nan,nan
0.39,2.785293563405282,nan,nan
0.3925,2.785293563405282,nan,nan
0.395,2.785293563405282,nan,nan
0.3975,2.785293563405282,nan,nan
0.4,2.785293563405282,nan,nan
0.4025,2.785293563405282,nan,nan
0.405,2.785293563405282,nan,nan
0.40750000000000003,2.785293563405282,nan,nan
0.41000000000000003,2.785293563405282,nan,nan
0.41250000000000003,2.785293563405282,nan,nan
0.41500000000000004,2.785293563405282,nan,nan
0.4175,2.785293563405282,nan,nan
0.42,2.785293563405282,nan,nan
0.4225,2.785293563405282,nan,nan
0.425,2.785293563405282,nan,nan
0.4275,2.785293563405282,nan,nan
0.43,2.785293563405282,nan,nan
0.4325,2.785293563405282,nan,nan
0.435,2.785293563405282,nan,nan
0.4375,2.785293563405282,nan,nan
0.44,2.785293563405282,nan,nan
0.4425,2.785293563405282,nan,nan
0.445,2.785293563405282,nan,nan
0.4475,2.785293563405282,nan,nan
0.45,2.785293563405282,nan,nan
0.4525,2.785293563405282,nan,nan
0.455,2.785293563405282,nan,nan
0.4575,2.785293563405282,nan,nan
0.46,2.785293563405282,nan,nan
0.4625,2.785293563405282,nan,nan
0.465,2.785293563405282,nan,nan
0.4675,2.785293563405282,nan,nan
0.47000000000000003,2.785293563405282,nan,nan
0.47250000000000003,2.785293563405282,nan,nan
0.47500000000000003,2.785293563405282,nan,nan
0.47750000000000004,2.785293563405282,nan,nan
0.48,2.785293563405282,nan,nan
0.4825,2.785293563405282,nan,nan
0.485,2.785293563405282,nan,nan
0.4875,2.785293563405282,nan,nan
0.49,2.785293563405282,nan,nan
0.4925,2.785293563405282,nan,nan
0.495,2.785293563405282,nan,nan
0.4975,2.785293563405282,nan,nan
0.5,2.785293563405282,nan,nan
0.5025000000000001,2.785293563405282,nan,nan
0.505,2.785293563405282,nan,nan
0.5075000000000001,2.785293563405282,nan,nan
0.51,2.785293563405282,nan,nan
0.5125,2.785293563405282,nan,nan
0.515,2.785293563405282,nan,nan
0.5175,2.785293563405282,nan,nan
0.52,2.785293563405282,nan,nan
0.5225,2.785293563405282,nan,nan
0.525,2.785293563405282,nan,nan
0.5275,2.785293563405282,nan,nan
0.53,2.785293563405282,nan,nan
0.5325,2.785293563405282,nan,nan
0.535,2.785293563405282,nan,nan
0.5375,2.785293563405282,nan,nan
0.54,2.785293563405282,nan,nan
0.5425,2.785293563405282,nan,nan
0.545,2.785293563405282,nan,nan
0.5475,2.785293563405282,nan,nan
0.55,2.785293563405282,nan,nan
0.5525,2.785293563405282,nan,nan
0.555,2.785293563405282,nan,nan
0.5575,2.785293563405282,nan,nan
0.56,2.785293563405282,nan,nan
0.5625,2.785293563405282,nan,nan
0.5650000000000001,2.785293563405282,nan,nan
0.5675,2.785293563405282,nan,nan
0.5700000000000001,2.785293563405282,nan,nan
0.5725,2.785293563405282,nan,nan
0.5750000000000001,2.785293563405282,nan,nan
0.5775,2.785293563405282,nan,nan
0.58,2.785293563405282,nan,nan
0.5825,2.785293563405282,nan,nan
0.585,2.785293563405282,nan,nan
0.5875,2.785293563405282,nan,nan
0.59,2.785293563405282,nan,nan
0.5925,2.785293563405282,nan,nan
0.595,2.785293563405282,nan,nan
0.5975,2.785293563405282,nan,nan
0.6,2.785293563405282,nan,nan
0.6025,2.785293563405282,nan,nan
0.605,2.785293563405282,nan,nan
0.6075,2.785293563405282,nan,nan
0.61,2.785293563405282,nan,nan
0.6125,2.785293563405282,nan,nan
0.615,2.785293563405282,nan,nan
0.6175,2.785293563405282,nan,nan
0.62,2.785293563405282,nan,nan
0.6225,2.785293563405282,nan,nan
0.625,2.785293563405282,nan,nan
0.6275000000000001,2.785293563405282,nan,nan
0.63,2.785293563405282,nan,nan
0.6325000000000001,2.785293563405282,nan,nan
0.635,2.785293563405282,nan,nan
0.6375000000000001,2.785293563405282,nan,nan
0.64,2.785293563405282,nan,nan
0.6425,2.785293563405282,nan,nan
0.645,2.785293563405282,nan,nan
0.6475,2.785293563405282,nan,nan
0.65,2.785293563405282,nan,nan
0.6525,2.785293563405282,nan,nan
0.655,2.785293563405282,nan,nan
0.6575,2.785293563405282,nan,nan
0.66,2.785293563405282,nan,nan
0.6625,2.785293563405282,nan,nan
0.665,2.785293563405282,nan,nan
0.6675,2.785293563405282,nan,nan
0.67,2.785293563405282,nan,nan
0.6725,2.785293563405282,nan,nan
0.675,2.785293563405282,nan,nan
0.6775,2.785293563405282,nan,nan
0.68,2.785293563405282,nan,nan
0.6825,2.785293563405282,nan,nan
0.685,2.785293563405282,nan,nan
0.6875,2.785293563405282,nan,nan
0.6900000000000001,2.785293563405282,nan,nan
0.6925,2.785293563405282,nan,nan
0.6950000000000001,2.785293563405282,nan,nan
0.6975,2.785293563405282,nan,nan
0.7000000000000001,2.785293563405282,nan,nan
0.7025,2.785293563405282,nan,nan
0.705,2.785293563405282,nan,nan
0.7075,2.785293563405282,nan,nan
0.71,2.785293563405282,nan,nan
0.7125,2.785293563405282,nan,nan
0.715,2.785293563405282,nan,nan
0.7175,2.785293563405282,nan,nan
0.72,2.785293563405282,nan,nan
0.7225,2.785293563405282,nan,nan
0.725,2.785293563405282,nan,nan
0.7275,2.785293563405282,nan,nan
0.73,2.785293563405282,nan,nan
0.7325,2.785293563405282,nan,nan
0.735,2.785293563405282,nan,nan
0.7375,2.785293563405282,nan,nan
0.74,2.785293563405282,nan,nan
0.7425,2.785293563405282,nan,nan
0.745,2.785293563405282,nan,nan
0.7475,2.785293563405282,nan,nan
0.75,2.785293563405282,nan,nan
0.7525000000000001,2.785293563405282,nan,nan
0.755,2.785293563405282,nan,nan
0.7575000000000001,2.785293563405282,nan,nan
0.76,2.785293563405282,nan,nan
0.7625000000000001,2.785293563405282,nan,nan
0.765,2.785293563405282,nan,nan
0.7675000000000001,2.785293563405282,nan,nan
0.77,2.785293563405282,nan,nan
0.7725,2.785293563405282,nan,nan
0.775,2.785293563405282,nan,nan
0.7775,2.785293563405282,nan,nan
0.78,2.785293563405282,nan,nan
0.7825,2.785293563405282,nan,nan
0.785,2.785293563405282,nan,nan
0.7875,2.785293563405282,nan,nan
0.79,2.785293563405282,nan,nan
0.7925,2.785293563405282,nan,nan
0.795,2.785293563405282,nan,nan
0.7975,2.767066682451007,nan,nan
0.8,2.7486492538398406,nan,nan
0.8025,2.730152443747111,nan,nan
0.805,2.7115643136004546,nan,nan
0.8075,2.6928716560277777,nan,nan
0.81,2.674059794828229,nan,nan
0.8125,2.655112343239949,nan,nan
0.8150000000000001,2.636010909459199,nan,nan
0.8175,2.616734734751941,nan,nan
0.8200000000000001,2.597260244453365,nan,nan
0.8225,2.5775604849962686,nan,nan
0.8250000000000001,2.557604409789788,nan,nan
0.8275,0.8167996909988127,0.9250347780592405,2.5373559616023487
0.8300000000000001,0.6350977591551086,1.1084339762859179,2.516772876338716
0.8325,0.5426998482547337,1.2030235944649397,2.4958050981282347
0.835,0.47175727861709577,1.2767115974375356,2.4743926404805108
0.8375,0.41219327812912265,1.3396469244318474,2.4524626386280595
0.84,0.36000870343831975,1.3959179299509918,2.4299251874562326
0.8425,0.31312687047071674,1.447713598983843,2.4066672957845183
0.845,0.27030373436524535,1.4964224486721156,2.3825438047741585
0.8475,0.23072343900765765,1.543051183389141,2.3573631833235376
0.85,0.1938161688256358,1.5884301922065216,2.330864178813604
0.8525,0.15916500883486756,1.6333475525626693,2.3026749533995265
0.855,0.12645379342576324,1.678678795242373,2.272235470249829
0.8575,0.095435835734181,1.7255830627073918,2.2386326058496033
0.86,0.06591414312648829,1.7759359290382302,2.2001871145773984
0.8625,0.03772834584602415,1.8337041612187275,2.1530919387771
0.865,0.010745746973424612,1.9133744692939472,2.0829924086418425
0.8675,nan,nan,nan
0.87,nan,nan,nan
0.8725,nan,nan,nan
0.875,nan,nan,nan
0.8775000000000001,nan,nan,nan
0.88,nan,nan,nan
0.8825000000000001,nan,nan,nan
0.885,nan,nan,nan
0.8875000000000001,nan,nan,nan
0.89,nan,nan,nan
0.8925000000000001,nan,nan,nan
0.895,nan,nan,nan
0.8975,nan,nan,nan
0.9,nan,nan,nan
0.9025,nan,nan,nan
0.905,nan,nan,nan
0.9075,nan,nan,nan
0.91,nan,nan,nan
0.9125,nan,nan,nan
0.915,nan,nan,nan
0.9175,nan,nan,nan
0.92,nan,nan,nan
0.9225,nan,nan,nan
0.925,nan,nan,nan
0.9275,nan,nan,nan
0.93,nan,nan,nan
0.9325,nan,nan,nan
0.935,nan,nan,nan
0.9375,nan,nan,nan
0.9400000000000001,nan,nan,nan
0.9425,nan,nan,nan
0.9450000000000001,nan,nan,nan
0.9475,nan,nan,nan
0.9500000000000001,nan,nan,nan
0.9525,nan,nan,nan
0.9550000000000001,nan,nan,nan
0.9575,nan,nan,nan
0.96,nan,nan,nan
0.9625,nan,nan,nan
0.965,nan,nan,nan
0.9675,nan,nan,nan
0.97,nan,nan,nan
0.9725,nan,nan,nan
0.975,nan,nan,nan
0.9775,nan,nan,nan
0.98,nan,nan,nan
0.9825,nan,nan,nan
0.985,nan,nan,nan
0.9875,nan,nan,nan
0.99,nan,nan,nan
0.9925,nan,nan,nan
0.995,nan,nan,nan
0.9975,nan,nan,nan
1.0,nan,nan,nan
1.0025,nan,nan,nan
1.0050000000000001,nan,nan,nan
1.0075,nan,nan,nan
1.01,nan,nan,nan
1.0125,nan,nan,nan
1.0150000000000001,nan,nan,nan
1.0175,nan,nan,nan
1.02,nan,nan,nan
1.0225,nan,nan,nan
1.025,nan,nan,nan
1.0275,nan,nan,nan
1.03,nan,nan,nan
1.0325,nan,nan,nan
1.035,nan,nan,nan
1.0375,nan,nan,nan
1.04,nan,nan,nan
1.0425,nan,nan,nan
1.045,nan,nan,nan
1.0475,nan,nan,nan
1.05,nan,nan,nan
1.0525,nan,nan,nan
1.055,nan,nan,nan
1.0575,nan,nan,nan
1.06,nan,nan,nan
1.0625,nan,nan,nan
1.065,nan,nan,nan
1.0675000000000001,nan,nan,nan
1.07,nan,nan,nan
1.0725,nan,nan,nan
1.075,nan,nan,nan
1.0775000000000001,nan,nan,nan
1.08,nan,nan,nan
1.0825,nan,nan,nan
1.085,nan,nan,nan
1.0875000000000001,nan,nan,nan
1.09,nan,nan,nan
1.0925,nan,nan,nan
1.095,nan,nan,nan
1.0975,nan,nan,nan
1.1,nan,nan,nan
1.1025,nan,nan,nan
1.105,nan,nan,nan
1.1075,nan,nan,nan
1.11,nan,nan,nan
1.1125,nan,nan,nan
1.115,nan,nan,nan
1.1175,nan,nan,nan
1.12,nan,nan,nan
1.1225,nan,nan,nan
1.125,nan,nan,nan
1.1275,nan,nan,nan
1.1300000000000001,nan,nan,nan
1.1325,nan,nan,nan
1.135,nan,nan,nan
1.1375,nan,nan,nan
1.1400000000000001,nan,nan,nan
1.1425,nan,nan,nan
1.145,nan,nan,nan
1.1475,nan,nan,nan
1.1500000000000001,nan,nan,nan
1.1525,nan,nan,nan
1.155,nan,nan,nan
1.1575,nan,nan,nan
1.16,nan,nan,nan
1.1625,nan,nan,nan
1.165,nan,nan,nan
1.1675,nan,nan,nan
1.17,nan,nan,nan
1.1725,nan,nan,nan
1.175,nan,nan,nan
1.1775,nan,nan,nan
1.18,nan,nan,nan
1.1825,nan,nan,nan
1.185,nan,nan,nan
1.1875,nan,nan,nan
1.19,nan,nan,nan
1.1925000000000001,nan,nan,nan
1.195,nan,nan,nan
1.1975,nan,nan,nan
1.2,nan,nan,nan
1.2025000000000001,nan,nan,nan
1.205,nan,nan,nan
1.2075,nan,nan,nan
1.21,nan,nan,nan
1.2125000000000001,nan,nan,nan
1.215,nan,nan,nan
1.2175,nan,nan,nan
1.22,nan,nan,nan
1.2225,nan,nan,nan
1.225,nan,nan,nan
1.2275,nan,nan,nan
1.23,nan,nan,nan
1.2325,nan,nan,nan
1.235,nan,nan,nan
1.2375,nan,nan,nan
1.24,nan,nan,nan
1.2425,nan,nan,nan
1.245,nan,nan,nan
1.2475,nan,nan,nan
1.25,nan,nan,nan
1.2525,nan,nan,nan
1.2550000000000001,nan,nan,nan
1.2575,nan,nan,nan
1.26,nan,nan,nan
1.2625,nan,nan,nan
1.2650000000000001,nan,nan,nan
1.2675,nan,nan,nan
1.27,nan,nan,nan
1.2725,nan,nan,nan
1.2750000000000001,nan,nan,nan
1.2775,nan,nan,nan
1.28,nan,nan,nan
1.2825,nan,nan,nan
1.285,nan,nan,nan
1.2875,nan,nan,nan
1.29,nan,nan,nan
1.2925,nan,nan,nan
1.295,nan,nan,nan
1.2975,nan,nan,nan
1.3,nan,nan,nan
1.3025,nan,nan,nan
1.305,nan,nan,nan
1.3075,nan,nan,nan
1.31,nan,nan,nan
1.3125,nan,nan,nan
1.315,nan,nan,nan
1.3175000000000001,nan,nan,nan
1.32,nan,nan,nan
1.3225,nan,nan,nan
1.325,nan,nan,nan
1.3275000000000001,nan,nan,nan
1.33,nan,nan,nan
1.3325,nan,nan,nan
1.335,nan,nan,nan
1.3375000000000001,nan,nan,nan
1.34,nan,nan,nan
1.3425,nan,nan,nan
1.345,nan,nan,nan
1.3475,nan,nan,nan
1.35,nan,nan,nan
1.3525,nan,nan,nan
1.355,nan,nan,nan
1.3575,nan,nan,nan
1.36,nan,nan,nan
1.3625,nan,nan,nan
1.365,nan,nan,nan
1.3675,nan,nan,nan
1.37,nan,nan,nan
1.3725,nan,nan,nan
1.375,nan,nan,nan
1.3775,nan,nan,nan
1.3800000000000001,nan,nan,nan
1.3825,nan,nan,nan
1.385,nan,nan,nan
1.3875,nan,nan,nan
1.3900000000000001,nan,nan,nan
1.3925,nan,nan,nan
1.395,nan,nan,nan
1.3975,nan,nan,nan
1.4000000000000001,nan,nan,nan
1.4025,nan,nan,nan
1.405,nan,nan,nan
1.4075,nan,nan,nan
1.41,nan,nan,nan
1.4125,nan,nan,nan
1.415,nan,nan,nan
1.4175,nan,nan,nan
1.42,nan,nan,nan
1.4225,nan,nan,nan
1.425,nan,nan,nan
1.4275,nan,nan,nan
1.43,nan,nan,nan
1.4325,nan,nan,nan
1.435,nan,nan,nan
1.4375,nan,nan,nan
1.44,nan,nan,nan
1.4425000000000001,nan,nan,nan
1.445,nan,nan,nan
1.4475,nan,nan,nan
1.45,nan,nan,nan
1.4525000000000001,nan,nan,nan
1.455,nan,nan,nan
1.4575,nan,nan,nan
1.46,nan,nan,nan
1.4625000000000001,nan,nan,nan
1.465,nan,nan,nan
1.4675,nan,nan,nan
1.47,nan,nan,nan
1.4725,nan,nan,nan
1.475,nan,nan,nan
1.4775,nan,nan,nan
1.48,nan,nan,nan
1.4825,nan,nan,nan
1.485,nan,nan,nan
1.4875,nan,nan,nan
1.49,nan,nan,nan
1.4925,nan,nan,nan
1.495,nan,nan,nan
1.4975,nan,nan,nan
1.5,nan,nan,nan
1.5025,nan,nan,nan
1.5050000000000001,nan,nan,nan
1.5075,nan,nan,nan
1.51,nan,nan,nan
1.5125,nan,nan,nan
1.5150000000000001,nan,nan,nan
1.5175,nan,nan,nan
1.52,nan,nan,nan
1.5225,nan,nan,nan
1.5250000000000001,nan,nan,nan
1.5275,nan,nan,nan
1.53,nan,nan,nan
1.5325,nan,nan,nan
1.5350000000000001,nan,nan,nan
1.5375,nan,nan,nan
1.54,nan,nan,nan
1.5425,nan,nan,nan
1.545,nan,nan,nan
1.5475,nan,nan,nan
1.55,nan,nan,nan
1.5525,nan,nan,nan
1.555,nan,nan,nan
1.5575,nan,nan,nan
1.56,nan,nan,nan
1.5625,nan,nan,nan
1.565,nan,nan,nan
1.5675000000000001,nan,nan,nan
1.57,nan,nan,nan
1.5725,nan,nan,nan
1.575,nan,nan,nan
1.5775000000000001,nan,nan,nan
1.58,nan,nan,nan
1.5825,nan,nan,nan
1.585,nan,nan,nan
1.5875000000000001,nan,nan,nan
1.59,nan,nan,nan
1.5925,nan,nan,nan
1.595,nan,nan,nan
1.5975000000000001,nan,nan,nan
1.6,nan,nan,nan
1.6025,nan,nan,nan
1.605,nan,nan,nan
1.6075,nan,nan,nan
1.61,nan,nan,nan
1.6125,nan,nan,nan
1.615,nan,nan,nan
1.6175,nan,nan,nan
1.62,nan,nan,nan
1.6225,nan,nan,nan
1.625,nan,nan,nan
1.6275,nan,nan,nan
1.6300000000000001,nan,nan,nan
1.6325,nan,1.2424206106469866,1.2886615448733272
1.635,nan,1.2276843661867323,1.299176869364394
1.6375,nan,1.216423995653974,1.3062274641729896
1.6400000000000001,nan,1.2067888726402825,1.311663926245587
1.6425,nan,1.1981546122028521,1.3161106110219423
1.645,nan,1.190219041941033,1.3198696613613856
1.6475,nan,1.18280843145588,1.3231147780859778
1.6500000000000001,nan,1.1758119269028042,1.3259567854305732
1.6525,nan,1.1691536251097512,1.3284715569272252
1.655,nan,1.1627788265580845,1.330713762426903
1.6575,nan,1.156646549193364,1.332724354291205
1.6600000000000001,nan,1.1507251343323999,1.3345349614877793
1.6625,nan,1.1449895132755046,1.3361706229804824
1.665,nan,1.1394194261724389,1.3376515688657837
1.6675,nan,1.1339982164232458,1.3389944259742472
1.67,nan,1.1287119883308379,1.340213060220215
1.6725,nan,1.1235490025049713,1.3413191812000287
1.675,nan,1.1184992317647389,1.3423227862917269
1.6775,nan,1.113554028316745,1.3432324934789708
1.68,nan,1.1087058698958654,1.3440557952123662
1.6825,nan,1.1039481630956145,1.3447992550811494
1.685,nan,1.099275088876264,1.3454686623070193
1.6875,nan,1.0946814796865068,1.3460691546244594
1.69,nan,1.090162720627409,1.3466053171186732
1.6925000000000001,nan,1.08571466914244,1.3470812625374073
1.695,nan,1.0813335891539948,1.3475006971562755
1.6975,nan,1.0770160965886506,1.3478669752552763
1.7,nan,1.0727591139702406,1.3481831445274632
1.7025000000000001,nan,1.0685598322993834,1.348451984201129
1.705,nan,1.06441567883765,1.3486760372573117
1.7075,nan,1.0603242897141936,1.348857637824788
1.71,nan,1.0562834864996875,1.3489989346077458
1.7125000000000001,nan,1.0522912560661561,1.3491019110275166
1.715,nan,1.0483457331855528,1.3491684026255353
1.7175,nan,1.0444451854245376,1.349200112170028
1.72,nan,1.0405879999750283,1.3491986228269541
1.7225000000000001,nan,1.0367726721252817,1.3491654096903494
1.725,nan,1.0329977951279472,1.3491018499156597
1.7275,nan,1.0292620512633157,1.3490092316578723
1.73,nan,1.0255642039294681,1.348888761982696
1.7325,nan,1.0219030906185025,1.348741573891638
1.735,nan,1.018277616660129,1.3485687325796945
1.7375,nan,1.0146867496324734,1.3483712410257933
1.74,nan,1.0111295143549175,1.348150045001156
1.7425,nan,1.0076049883903913,1.3479060375682304
1.745,nan,1.0041122979950858,1.3476400631321017
1.7475,nan,1.0006506144621858,1.3473529210979338
1.75,nan,0.9972191508136875,1.3470453691802298
1.7525,nan,0.9938171588005195,1.346718126403825
1.7550000000000001,nan,0.9904439261765035,1.3463718758309635
1.7575,nan,0.9870987742161085,1.3460072670445884
1.76,nan,0.9837810554498144,1.3456249184139841
1.7625,nan,0.9804901515941435,1.3452254191657398
1.7650000000000001,nan,0.9772254716562614,1.3448093312800953
1.7675,nan,0.9739864501953841,1.3443771912304825
1.77,nan,0.9707725457254315,1.343929511581799
1.7725,nan,0.9675832392450825,1.3434667824612114
1.7750000000000001,nan,0.9644180328829772,1.3429894729138752
1.7775,nan,0.9612764486472462,1.3424980321542128
1.78,nan,0.958158027269612,1.3419928907226701
1.7825,nan,0.9550623271355101,1.3414744615563903
1.7850000000000001,nan,0.9519889232924461,1.340943140981647
1.7875,nan,0.9489374065297268,1.3403993096348916
1.79,nan,0.9459073825233436,1.3398433333186044
1.7925,nan,0.9428984710404348,1.3392755637975806
1.795,nan,0.9399103051983219,1.3386963395405864
1.7975,nan,0.9369425307736116,1.3381059864119644
1.8,nan,0.9339948055572168,1.3375048183172855
1.8025,nan,0.9310667987516835,1.33689313780667
1.805,nan,0.9281581904074047,1.3362712366392273
1.8075,nan,0.9252686708947199,1.335639396311564
1.81,nan,0.9223979404091188,1.3349978885532081
1.8125,nan,0.9195457085070458,1.3343469757913635
1.815,nan,0.9167116936700095,1.3336869115874022
1.8175000000000001,nan,0.9138956228949003,1.3330179410470913
1.82,nan,0.9110972313086243,1.3323403012064963
1.8225,nan,0.908316261805275,1.3316542213953528
1.825,nan,0.905552464704281,1.330959923579412
1.8275000000000001,nan,0.9028055974280237,1.3302576226833311
1.83,nan,0.90007542419761,1.3295475268953807
1.8325,nan,0.8973617157455296,1.3288298379552583
1.835,nan,0.8946642490440886,1.3281047514261
1.8375000000000001,nan,0.8919828070485438,1.3273724569518013
1.84,nan,0.8893171784539939,1.3266331385005408
1.8425,nan,0.8866671574651007,1.3258869745954853
1.845,nan,0.8840325435778553,1.325134138533414
1.8475000000000001,nan,0.8814131413725931,1.324374798592099
1.85,nan,0.8788087603175699,1.3236091182271073
1.8525,nan,0.876219214582436,1.3228372562586825
1.855,nan,0.8736443228610009,1.322059367049345
1.8575,nan,0.8710839082027303,1.3212756006727282
1.86,nan,0.8685377978524526,1.3204861030741997
1.8625,nan,0.8660058230977788,1.3196910162237718
1.865,nan,0.863487819123792,1.3188904782616975
1.8675,nan,0.8609836248745819,1.3180846236372525
1.87,nan,0.8584930829212292,1.3172735832410318
1.8725,nan,0.8560160393358798,1.316457484531146
1.875,nan,0.8535523435715618,1.3156364516536696
1.8775,nan,0.8511018483474188,1.3148106055576643
1.8800000000000001,nan,0.8486644095390805,1.313980064105056
1.8825,nan,0.8462398860738676,1.313144942175672
1.885,nan,0.8438281398305904,1.3123053517676457
1.8875,nan,0.8414290355436789,1.3114614020935271
1.8900000000000001,nan,0.8390424407114316,1.3106131996722303
1.8925,nan,0.8366682255081506,1.3097608484170986
1.895,nan,0.8343062626999702,1.3089044497202713
1.8975,nan,0.8319564275641939,1.3080441025335199
1.9000000000000001,nan,0.8296185978119495,1.3071799034457707
1.9025,nan,0.8272926535140073,1.3063119467574542
1.905,nan,0.82497847702959,1.3054403245518433
1.9075,nan,0.8226759529380362,1.3045651267635514
1.9100000000000001,nan,0.8203849679731805,1.3036864412442757
1.9125,nan,0.8181054109603,1.3028043538260028
1.915,nan,0.8158371727555315,1.3019189483817042
1.9175,nan,0.8135801461876094,1.3010303068837274
1.92,nan,0.8113342260018465,1.3001385094599158
1.9225,nan,0.8090993088062242,1.2992436344476277
1.925,nan,0.8068752930195173,1.2983457584457077
1.9275,nan,0.8046620788213421,1.2974449563645412
1.93,nan,0.8024595681040478,1.2965413014742173
1.9325,nan,0.8002676644263726,1.2956348654509877
1.935,nan,0.7980862729687713,1.2947257184219838
1.9375,nan,0.7959153004903537,1.2938139290083492
1.94,nan,0.7937546552873553,1.2928995643668322
1.9425000000000001,nan,0.7916042471530759,1.2919826902298976
1.945,nan,0.7894639873392177,1.2910633709444341
1.9475,nan,0.7873337885185718,1.2901416695091112
1.95,nan,0.785213564748984,1.2892176476104462
1.9525000000000001,nan,0.7831032314385548,1.2882913656576298
1.955,nan,0.7810027053120185,1.2873628828161867
1.9575,nan,0.7789119043782495,1.286432257040475
1.96,nan,0.7768307478988498,1.2854995451051172
1.9625000000000001,nan,0.7747591563577848,1.2845648026353664
1.965,nan,0.7726970514320004,1.2836280841365004
1.9675,nan,0.7706443559630064,1.2826894430222433
1.97,nan,0.7686009939293739,1.2817489316422404
1.9725000000000001,nan,0.7665668904201106,1.2808066013087012
1.975,nan,0.764541971608886,1.2798625023221355
1.9775,nan,0.762526164729068,1.2789166839963027
1.98,nan,0.7605193980495383,1.2779691946823815
1.9825000000000002,nan,0.7585216008512583,1.2770200817923694
1.985,nan,0.7565327034045614,1.2760693918217445
1.9875,nan,0.7545526369471327,1.2751171703714834
1.99,nan,0.7525813336626634,1.2741634621693245
1.9925,nan,0.7506187266601412,1.2732083110904628
1.995,nan,0.7486647499537641,1.272251760177576
1.9975,nan,0.746719338443451,1.2712938516602552
2.0,nan,0.7447824278959194,1.2703346269738907
2.0025,nan,0.7428539549263248,1.2693741267779424
2.005,nan,0.7409338569804242,1.2684123909737473
2.0075,nan,0.7390220723172616,1.267449458721741
2.0100000000000002,nan,0.7371185399923423,1.2664853684582211
2.0125,nan,0.7352231998412876,1.2655201579116269
2.015,nan,0.7333359924639492,1.2645538641183303
2.0175,nan,0.7314568592089689,1.2635865234380117
2.02,nan,0.7295857421587674,1.2626181715685871
2.0225,nan,0.727722584114947,1.261648843560705
2.025,nan,0.725867328584091,1.2606785738318733
2.0275,nan,0.7240199197639573,1.2597073961801626
2.0300000000000002,nan,0.7221803025300371,1.2587353437975595
2.0325,nan,0.7203484224224772,1.2577624492829422
2.035,nan,0.7185242256333523,1.25678874465471
2.0375,nan,0.7167076589942719,1.2558142613630705
2.04,nan,0.7148986699643131,1.2548390303020025
2.0425,nan,0.7130972066182694,1.2538630818208991
2.045,nan,0.7113032176352044,1.2528864457358997
2.0475,nan,0.7095166522872975,1.2519091513409402
2.05,nan,0.7077374604289806,1.250931227418485
2.0525,nan,0.7059655924863446,1.2499527022500148
2.055,nan,0.7042009994468156,1.2489736036262304
2.0575,nan,0.7024436328490931,1.2479939588569782
2.06,nan,0.7006934447733334,1.247013794780967
2.0625,nan,0.6989503878315814,1.2460331377751803
2.065,nan,0.6972144151584315,1.2450520137641052
2.0675,nan,0.6954854804019241,1.2440704482287015
2.07,nan,0.6937635377146569,1.2430884662151545
2.0725000000000002,nan,0.6920485417451123,1.2421060923434162
2.075,nan,0.6903404476291956,1.24112335081553
2.0775,nan,0.6886392109819668,1.2401402654237568
2.08,nan,0.686944787889581,1.2391568595585003
2.0825,nan,0.6852571349014037,1.238173156216042
2.085,nan,0.6835762090223214,1.2371891780060944
2.0875,nan,0.6819019677052239,1.2362049471591752
2.09,nan,0.6802343688436653,1.2352204855337872
2.0925000000000002,nan,0.6785733707646867,1.23423581462346
2.095,nan,0.6769189322218101,1.2332509555636042
2.0975,nan,0.6752710123881855,1.2322659291382032
2.1,nan,0.6736295708498936,1.2312807557863743
2.1025,nan,0.6719945675993979,1.2302954556087442
2.105,nan,0.6703659630291452,1.2293100483737054
2.1075,nan,0.6687437179253035,1.228324553523521
2.11,nan,0.667127793461639,1.2273389901802865
2.1125,nan,0.6655181511935285,1.2263533771517523
2.115,nan,0.6639147530520987,1.2253677329370392
2.1175,nan,0.6623175613384942,1.224382075732192
2.12,nan,0.6607265387182678,1.2233964234356434
2.1225,nan,0.6591416482158893,1.2224107936535207
2.125,nan,0.657562853209372,1.2214252037048772
2.1275,nan,0.6559901174250117,1.2204396706267693
2.13,nan,0.6544234049322372,1.2194542111792444
2.1325,nan,0.6528626801385646,1.2184688418502276
2.1350000000000002,nan,0.6513079077846605,1.2174835788602727
2.1375,nan,0.6497590529395035,1.216498438167251
2.14,nan,0.6482160809956461,1.215513435470896
2.1425,nan,0.6466789576645711,1.2145285862172963
2.145,nan,0.6451476489721465,1.213543905603261
2.1475,nan,0.6436221212541668,1.2125594085805935
2.15,nan,0.6421023411519836,1.2115751098603063
2.1525,nan,0.640588275608229,1.2105910239167155
2.1550000000000002,nan,0.6390798918626158,1.2096071649914553
2.1575,nan,0.6375771574478267,1.2086235470974274
2.16,nan,0.636080040185478,1.2076401840226607
2.1625,nan,0.6345885081821662,1.2066570893340665
2.165,nan,0.6331025298255908,1.2056742763811623
2.1675,nan,0.631622073780748,1.2046917582996908
2.17,nan,0.630147108986201,1.2037095480151658
2.1725,nan,0.6286776046504193,1.202727658246361
2.1750000000000003,nan,0.6272135302481876,1.2017461015087147
2.1775,nan,0.6257548555170833,1.2007648901176717
2.18,nan,0.6243015504540168,1.1997840361919714
2.1825,nan,0.6228535853118398,1.1988035516568458
2.185,nan,0.6214109305960145,1.1978234482471735
2.1875,nan,0.6199735570613437,1.1968437375105687
2.19,nan,0.6185414357087623,1.1958644308104085
2.1925,nan,0.6171145377821853,1.1948855393287894
2.195,nan,0.6156928347654129,1.1939070740694622
2.1975000000000002,nan,0.6142762983790958,1.1929290458606572
2.2,nan,0.6128649005777485,1.1919514653578993
2.2025,nan,0.6114586135468174,1.1909743430467639
2.205,nan,0.6100574096998064,1.189997689245547
2.2075,nan,0.6086612616754434,1.1890215141079319
2.21,nan,0.6072701423349085,1.1880458276255608
2.2125,nan,0.6058840247590974,1.1870706396305988
2.215,nan,0.6045028822459434,1.1860959597982181
2.2175000000000002,nan,0.6031266883077793,1.1851217976490556
2.22,nan,0.6017554166687478,1.184148162551609
2.2225,nan,0.6003890412622525,1.1831750637246132
2.225,nan,0.5990275362284581,1.1822025102393354
2.2275,nan,0.5976708759118259,1.1812305110218695
2.23,nan,0.5963190348586959,1.1802590748553607
2.2325,nan,0.5949719878149093,1.179288210382194
2.235,nan,0.5936297097234658,1.178317926106153
2.2375000000000003,nan,0.5922921757222256,1.1773482303945388
2.24,nan,0.5909593611416454,1.1763791314802299
2.2425,nan,0.5896312415025543,1.1754106374637343
2.245,nan,0.588307792513962,1.1744427563151931
2.2475,nan,0.5869889900709082,1.1734754958763292
2.25,nan,0.585674810252343,1.172508863862405
2.2525,nan,0.5843652293190394,1.1715428678641016
2.255,nan,0.5830602237115471,1.1705775153493891
2.2575,nan,0.5817597700481695,1.1696128136653567
2.2600000000000002,nan,0.5804638451229791,1.1686487700400177
2.2625,nan,0.5791724259038618,1.1676853915840728
2.265,nan,0.5778854895305926,1.1667226852926522
2.2675,nan,0.5766030133129401,1.16576065804702
2.27,nan,0.5753249747288038,1.1647993166162485
2.2725,nan,0.574051351422375,1.1638386676588846
2.275,nan,0.5727821212023315,1.1628787177245499
2.2775,nan,0.5715172620400554,1.1619194732555531
2.2800000000000002,nan,0.5702567520678815,1.1609609405884465
2.2825,nan,0.5690005695773706,1.160003125955569
2.285,nan,0.567748693017609,1.1590460354865595
2.2875,nan,0.5665011009935329,1.1580896752098557
2.29,nan,0.5652577722642821,1.1571340510541388
2.2925,nan,0.5640186857415708,1.1561791688497944
2.295,nan,0.5627838204880886,1.1552250343303185
2.2975,nan,0.5615531557159236,1.1542716531337052
2.3000000000000003,nan,0.5603266707850084,1.1533190308038275
2.3025,nan,0.5591043452015877,1.1523671727917761
2.305,nan,0.5578861586167096,1.1514160844571903
2.3075,nan,0.5566720908247383,1.150465771069553
2.31,nan,0.5554621217618904,1.149516237809483
2.3125,nan,0.5542562315047863,1.1485674897699865
2.315,nan,0.5530544002690293,1.1476195319577105
2.3175,nan,0.551856608407802,1.1466723692941458
2.32,nan,0.5506628364104806,1.1457260066168464
2.3225000000000002,nan,0.5494730649012715,1.1447804486806028
2.325,nan,0.5482872746378669,1.1438357001586
2.3275,nan,0.547105446510117,1.1428917656435742
2.33,nan,0.5459275615387239,1.1419486496489308
2.3325,nan,0.5447536008739502,1.1410063566098552
2.335,nan,0.5435835457943489,1.1400648908844013
2.3375,nan,0.5424173777055065,1.1391242567545736
2.34,nan,0.541255078138809,1.1381844584273753
2.3425000000000002,nan,0.5400966287502191,1.1372455000358497
2.345,nan,0.5389420113190728,1.1363073856401142
2.3475,nan,0.5377912077468928,1.1353701192283523
2.35,nan,0.5366442000562145,1.1344337047178243
2.3525,nan,0.535500970389434,1.1334981459558326
2.355,nan,0.5343615010076643,1.1325634467206813
2.3575,nan,0.5332257742896109,1.1316296107226453
2.36,nan,0.5320937727304619,1.130696641604871
2.3625000000000003,nan,0.5309654789407912,1.129764542944322
2.365,nan,0.5298408756454788,1.1288333182526733
2.3675,nan,0.5287199456826411,1.1279029709771988
2.37,nan,0.5276026720025789,1.12697350450166
2.3725,nan,0.5264890376667376,1.1260449221471562
2.375,nan,0.52537902584668,1.1251172271729877
2.3775,nan,0.5242726198230737,1.1241904227774882
2.38,nan,0.5231698029846905,1.1232645120988527
2.3825,nan,0.5220705588274197,1.12233949821595
2.3850000000000002,nan,0.5209748709532916,1.1214153841491228
2.3875,nan,0.5198827230695161,1.1204921728609836
2.39,nan,0.5187940989875317,1.1195698672571837
2.3925,nan,0.5177089826220665,1.1186484701871873
2.395,nan,0.516627357990213,1.1177279844450188
2.3975,nan,0.5155492092105088,1.1168084127700184
2.4,nan,0.5144745205020378,1.1158897578475588
2.4025,nan,0.5134032761835329,1.1149720223097825
2.4050000000000002,nan,0.512335460672496,1.114055208736308
2.4075,nan,0.5112710584843275,1.113139319654928
2.41,nan,0.5102100542314641,1.1122243575423039
2.4125,nan,0.5091524326225298,1.1113103248246428
2.415,nan,0.5080981784614957,1.1103972238783821
2.4175,nan,0.5070472766468507,1.1094850570308326
2.42,nan,0.5059997121707813,1.1085738265608418
2.4225,nan,0.5049554701183624,1.1076635346994392
2.4250000000000003,nan,0.5039145356667557,1.1067541836304604
2.4275,nan,0.5028768940844216,1.105845775491178
2.43,nan,0.5018425307303348,1.1049383123729126
2.4325,nan,0.5008114310532139,1.10403179632165
2.435,nan,0.4997835805907569,1.1031262293386257
2.4375,nan,0.4987589649688895,1.1022216133809262
2.44,nan,0.497737569901016,1.101317950362062
2.4425,nan,0.49671938118728554,1.100415242152551
2.445,nan,0.49570438471386347,1.0995134905804687
2.4475000000000002,nan,0.494692566452209,1.0986126974320203
2.45,nan,0.49368391245836707,1.0977128644520853
2.4525,nan,0.4926784088722619,1.0968139933447583
2.455,nan,0.4916760419170043,1.09591608577388
2.4575,nan,0.4906767978982004,1.0950191433635734
2.46,nan,0.4896806632032756,1.0941231676987542
2.4625,nan,0.48868762430080076,1.0932281603256486
2.465,nan,0.4876976677398267,1.0923341227522991
2.4675000000000002,nan,0.4867107801492288,1.0914410564490602
2.47,nan,0.48572694823705587,1.0905489628490876
2.4725,nan,0.48474615878988925,1.0896578433488329
2.475,nan,0.483768398672204,1.0887676993085078
2.4775,nan,0.48279365482574393,1.087878532052575
2.48,nan,0.4818219142688985,1.0869903428701901
2.4825,nan,0.48085316409608747,1.08610313301568
2.485,nan,0.4798873914771538,1.0852169037089874
2.4875000000000003,nan,0.47892458365676144,1.0843316561361167
2.49,nan,0.47796472795380174,1.0834473914495766
2.4925,nan,0.477007811760803,1.0825641107688158
2.495,nan,0.4760538225433493,1.08168181518065
2.4975,nan,0.47510274783950535,1.0808005057396874
2.5,nan,0.4741545752592448,1.0799201834687409
2.5025,nan,0.47320929248388904,1.079040849359242
2.505,nan,0.4722668872655463,1.0781625043716576
2.5075,nan,0.47132734742656335,1.0772851494358702
2.5100000000000002,nan,0.47039066085897613,1.0764087854515931
2.5125,nan,0.4694568155239724,1.0755334132887515
2.515,nan,0.46852579945135525,1.0746590337878656
2.5175,nan,0.46759760073901485,1.0737856477604375
2.52,nan,0.46667220755240446,1.0729132559893233
2.5225,nan,0.46574960812402344,1.0720418592290997
2.525,nan,0.4648297907529028,1.0711714582064336
2.5275,nan,0.46391274380409997,1.0703020536204415
2.5300000000000002,nan,0.4629984557081938,1.0694336461430474
2.5325,nan,0.4620869149607905,1.0685662364193282
2.535,nan,0.4611781101220294,1.0676998250678675
2.5375,nan,0.4602720298160972,1.0668344126810905
2.54,nan,0.4593686627307447,1.0659699998256065
2.5425,nan,0.45846799761681123,1.0651065870425407
2.545,nan,0.45757002328775076,1.0642441748478613
2.5475,nan,0.4566747286191651,1.0633827637327091
2.5500000000000003,nan,0.45578210254834095,1.0625223541637123
2.5525,nan,0.454892134073792,1.0616629465833027
2.555,nan,0.4540048122548034,1.0608045414100398
2.5575,nan,0.4531201262109842,1.059947139038898
2.56,nan,0.4522380651218221,1.0590907398415887
2.5625,nan,0.45135861822624307,1.0582353441668542
2.565,nan,0.4504817748221745,1.0573809523407656
2.5675,nan,0.4496075242661152,1.0565275646670114
2.57,nan,0.4487358559727056,1.055675181427191
2.5725000000000002,nan,0.4478667594143056,1.0548238028811
2.575,nan,0.44700022412057483,1.0539734292670102
2.5775,nan,0.4461362396780581,1.0531240608019459
2.58,nan,0.4452747957297731,1.0522756976819654
2.5825,nan,0.4444158819748035,1.0514283400824234
2.585,nan,0.4435594881678953,1.050581988158244
2.5875,nan,0.442705604119059,1.0497366420441878
2.59,nan,0.44185421969317135,1.0488923018551042
2.5925000000000002,nan,0.44100532480958404,1.0480489676861973
2.595,nan,0.44015890944173813,1.047206639613276
2.5975,nan,0.4393149636167748,1.0463653176930081
2.6,nan,0.4384734774151589,1.045525001963167
2.6025,nan,0.43763444097029863,1.0446856924428751
2.605,nan,0.43679784446817316,1.0438473891328495
2.6075,nan,0.4359636781469615,1.0430100920156407
2.61,nan,0.4351319322966768,1.0421738010558617
2.6125000000000003,nan,0.43430259725880105,1.041338516200433
2.615,nan,0.4334756634259269,1.0405042373788047
2.6175,nan,0.4326511212413996,1.039670964503183
2.62,nan,0.4318289611989647,1.0388386974687613
2.6225,nan,0.4310091738424159,1.0380074361539366
2.625,nan,0.43019174976525026,1.037177180420528
2.6275,nan,0.4293766796103226,1.0363479301140002
2.63,nan,0.42856395406950615,1.0355196850636692
2.6325,nan,0.4277535638833538,1.0346924450829171
2.6350000000000002,nan,0.4269454998407644,1.0338662099693992
2.6375,nan,0.4261397527786513,1.0330409795052535
2.64,nan,0.4253363135816123,1.0322167534572968
2.6425,nan,0.42453517318160583,1.0313935315772351
2.645,nan,0.4237363225576277,1.030571313601858
2.6475,nan,0.4229397527353912,1.0297500992532262
2.65,nan,0.42214545478701027,1.0289298882388824
2.6525,nan,0.4213534198306852,1.0281106802520283
2.6550000000000002,nan,0.42056363903039107,1.027292474971719
2.6575,nan,0.4197761035955707,1.026475272063051
2.66,nan,0.4189908047808264,1.0256590711773432
2.6625,nan,0.41820773388561927,1.0248438719523234
2.665,nan,0.41742688225396685,1.0240296740123027
2.6675,nan,0.4166482412741459,1.023216476968361
2.67,nan,0.4158718023783977,1.022404280418511
2.6725,nan,0.4150975570426346,1.0215930839478886
2.6750000000000003,nan,0.4143254967861502,1.0207828871289069
2.6775,nan,0.41355561317133155,1.0199736895214375
2.68,nan,0.4127878978033747,1.019165490672973
2.6825,nan,0.41202234233000073,1.0183582901187935
2.685,nan,0.4112589384411768,1.0175520873821293
2.6875,nan,0.4104976778688373,1.0167468819743282
2.69,nan,0.40973855238660933,1.0159426733949999
2.6925,nan,0.4089815538095387,1.0151394611321933
2.695,nan,0.40822667399381984,1.0143372446625367
2.6975000000000002,nan,0.40747390483652657,1.0135360234513986
2.7,nan,0.4067232382753471,1.0127357969530426
2.7025,nan,0.4059746662883187,1.0119365646107685
2.705,nan,0.4052281808935665,1.0111383258570699
2.7075,nan,0.40448377414904435,1.0103410801137749
2.71,nan,0.40374143815227703,1.0095448267921954
2.7125,nan,0.403001165040105,1.0087495652932648
2.715,nan,0.4022629469884319,1.0079552950076862
2.7175000000000002,nan,0.40152677621197247,1.0071620153160683
2.72,nan,0.4007926449640049,1.006369725589066
2.7225,nan,0.4000605455361235,1.0055784251875122
2.725,nan,0.3993304702579936,1.0047881134625578
2.7275,nan,0.3986024114971096,1.0039987897558025
2.73,nan,0.3978763616585531,1.0032104533994295
2.7325,nan,0.3971523131847545,1.0024231037163338
2.735,nan,0.39643025855525804,1.0016367400202464
2.7375000000000003,nan,0.39571019028648335,1.0008513616158736
2.74,nan,0.39499210093149584,1.00006696779901
2.7425,nan,0.3942759830797735,0.9992835578566673
2.745,nan,0.39356182935697875,0.9985011310672023
2.7475,nan,0.3928496324247303,0.9977196867004314
2.75,nan,0.392139384980379,0.9969392240177504
2.7525,nan,0.391431079756782,0.996159742272263
2.755,nan,0.3907247095220835,0.9953812407088836
2.7575,nan,0.39002026707949194,0.9946037185644654
2.7600000000000002,nan,0.3893177452670644,0.9938271750679042
2.7625,nan,0.3886171369574878,0.9930516094402613
2.765,nan,0.3879184350578646,0.9922770208948716
2.7675,nan,0.38722163250950054,0.991503408637451
2.77,nan,0.3865267222876919,0.9907307718662083
2.7725,nan,0.3858336974015167,0.989959109771956
2.775,nan,0.3851425508936262,0.989188421538211
2.7775,nan,0.3844532758400381,0.9884187063413071
2.7800000000000002,nan,0.3837658653499315,0.9876499633504897
2.7825,nan,0.3830803125654459,0.9868821917280275
2.785,nan,0.3823966106614755,0.9861153906293169
2.7875,nan,0.3817147528454726,0.9853495592029667
2.79,nan,0.3810347323572471,0.9845846965909161
2.7925,nan,0.38035654246877115,0.983820801928521
2.795,nan,0.3796801764839819,0.9830578743446586
2.7975,nan,0.3790056277385884,0.9822959129618165
2.8000000000000003,nan,0.3783328895998796,0.9815349168961934
2.8025,nan,0.3776619554665332,0.9807748852577922
2.805,nan,0.3769928187684249,0.9800158171505106
2.8075,nan,0.3763254729664422,0.9792577116722333
2.81,nan,0.3756599115522969,0.9785005679149243
2.8125,nan,0.3749961280483398,0.9777443849647148
2.815,nan,0.3743341160073771,0.9769891619019951
2.8175,nan,0.3736738690124888,0.9762348978014966
2.82,nan,0.3730153806768463,0.9754815917323824
2.8225000000000002,nan,0.3723586446435339,0.9747292427583318
2.825,nan,0.37170365458537097,0.9739778499376291
2.8275,nan,0.3710504042047329,0.9732274123232388
2.83,nan,0.37039888723337866,0.972477928962894
2.8325,nan,0.36974909743227385,0.9717293988991786
2.835,nan,0.36910102859141947,0.9709818211696044
2.8375,nan,0.3684546745296793,0.9702351948066945
2.84,nan,0.3678100290946107,0.9694895188380601
2.8425000000000002,nan,0.36716708616229415,0.9687447922864848
2.845,nan,0.3665258396371667,0.9680010141699867
2.8475,nan,0.3658862834518547,0.9672581835019103
2.85,nan,0.3652484115670084,0.966516299290999
2.8525,nan,0.3646122179711389,0.9657753605414597
2.855,nan,0.3639776966804536,0.9650353662530492
2.8575,nan,0.3633448417386963,0.9642963154211398
2.86,nan,0.36271364721698546,0.9635582070367895
2.8625000000000003,nan,0.3620841072136551,0.962821040086822
2.865,nan,0.361456215854098,0.9620848135538913
2.8675,nan,0.36082996729060574,0.9613495264165487
2.87,nan,0.3602053557022167,0.9606151776493156
2.8725,nan,0.35958237529455817,0.9598817662227558
2.875,nan,0.3589610202996949,0.9591492911035283
2.8775,nan,0.358341284975975,0.9584177512544733
2.88,nan,0.35772316360788003,0.9576871456346603
2.8825,nan,0.3571066505058742,0.9569574731994646
2.8850000000000002,nan,0.3564917400062548,0.956228732900627
2.8875,nan,0.35587842647100465,0.9555009236863174
2.89,nan,0.3552667042876452,0.954774044501196
2.8925,nan,0.3546565678690899,0.9540480942864826
2.895,nan,0.3540480116534999,0.9533230719800097
2.8975,nan,0.3534410301041403,0.9525989765162859
2.9,nan,0.35283561770923655,0.951875806826559
2.9025,nan,0.3522317689818332,0.9511535618388698
2.9050000000000002,nan,0.3516294784596533,0.9504322404781146
2.9075,nan,0.35102874070495815,0.9497118416661013
2.91,nan,0.3504295503044082,0.9489923643216123
2.9125,nan,0.34983190186892626,0.9482738073604525
2.915,nan,0.3492357900335594,0.9475561696955086
2.9175,nan,0.34864120945734445,0.946839450236806
2.92,nan,0.3480481548231717,0.9461236478915637
2.9225,nan,0.3474566208376516,0.9454087615642489
2.9250000000000003,nan,0.34686660223098154,0.9446947901566264
2.9275,nan,0.34627809375681445,0.9439817325678151
2.93,nan,0.3456910901921264,0.9432695876943387
2.9325,nan,0.34510558633708754,0.9425583544301799
2.935,nan,0.344521577014931,0.9418480316668285
2.9375,nan,0.34393905707182687,0.9411386182933343
2.94,nan,0.3433580213767526,0.9404301131963547
2.9425,nan,0.3427784648213673,0.9397225152602056
2.945,nan,0.3422003823198858,0.9390158233669124
2.9475000000000002,nan,0.3416237688089531,0.9383100363962512
2.95,nan,0.3410486192475218,0.9376051532258065
2.9525,nan,0.34047492861672685,0.9369011727310108
2.955,nan,0.33990269191976485,0.9361980937851928
2.9575,nan,0.33933190418177206,0.935495915259624
2.96,nan,0.33876256044970265,0.9347946360235693
2.9625,nan,0.338194655792211,0.9340942549443222
2.965,nan,0.3376281852995303,0.9333947708872569
2.9675000000000002,nan,0.3370631440833561,0.9326961827158682
2.97,nan,0.3364995272767281,0.9319984892918217
2.9725,nan,0.33593733003391346,0.9313016894749871
2.975,nan,0.335376547530291,0.930605782123489
2.9775,nan,0.3348171749622367,0.9299107660937427
2.98,nan,0.3342592075470082,0.9292166402405031
2.9825,nan,0.3337026405226332,0.928523403416901
2.985,nan,0.33314746914779425,0.9278310544744798
2.9875000000000003,nan,0.3325936887017191,0.9271395922632437
2.99,nan,0.3320412944840687,0.9264490156316972
2.9925,nan,0.33149028181482565,0.9257593234268767
2.995,nan,0.33094064603418566,0.9250705144943939
2.9975,nan,0.33039238250244846,0.9243825876784794
3.0,nan,0.3298454865999088,0.9236955418220115
3.0025,nan,0.3292999537267502,0.9230093757665555
3.005,nan,0.32875577930293626,0.9223240883524079
3.0075000000000003,nan,0.32821295876810624,0.9216396784186277
3.0100000000000002,nan,0.3276714875814685,0.9209561448030711
3.0125,nan,0.3271313612216971,0.9202734863424318
3.015,nan,0.3265925751868256,0.91959170187227
3.0175,nan,0.32605512499414596,0.9189107902270567
3.02,nan,0.3255190061801043,0.9182307502402008
3.0225,nan,0.3249842143002001,0.9175515807440857
3.025,nan,0.3244507449288844,0.9168732805701015
3.0275,nan,0.3239185936594582,0.9161958485486853
3.0300000000000002,nan,0.32338775610397386,0.9155192835093442
3.0325,nan,0.3228582278931357,0.9148435842806948
3.035,nan,0.3223300046762002,0.914168749690493
3.0375,nan,0.32180308212087877,0.9134947785656667
3.04,nan,0.3212774559132405,0.9128216697323478
3.0425,nan,0.3207531217576141,0.9121494220159024
3.045,nan,0.3202300753764942,0.9114780342409631
3.0475,nan,0.31970831251044324,0.910807505231456
3.0500000000000003,nan,0.31918782891799785,0.9101378338106353
3.0525,nan,0.3186686203755752,0.9094690188011099
3.055,nan,0.31815068267737745,0.9088010590248756
3.0575,nan,0.3176340116353004,0.9081339533033428
3.06,nan,0.31711860307884027,0.9074677004573627
3.0625,nan,0.3166044528550016,0.9068022993072596
3.065,nan,0.3160915568282068,0.9061377486728578
3.0675,nan,0.3155799108802045,0.9054740473735104
3.0700000000000003,nan,0.31506951090998014,0.9048111942281223
3.0725000000000002,nan,0.314560352833666,0.9041491880551839
3.075,nan,0.3140524325844524,0.9034880276727913
3.0775,nan,0.3135457461124993,0.9028277118986802
3.08,nan,0.31304028938484824,0.9021682395502433
3.0825,nan,0.3125360583853353,0.9015096094445653
3.085,nan,0.3120330491145046,0.9008518203984421
3.0875,nan,0.31153125758952105,0.9001948712284057
3.09,nan,0.3110306798440862,0.8995387607507581
3.0925000000000002,nan,0.31053131192835215,0.8988834877815814
3.095,nan,0.31003314990883707,0.8982290511367779
3.0975,nan,0.3095361898683417,0.8975754496320808
3.1,nan,0.309040427905865,0.8969226820830871
3.1025,nan,0.308545860136522,0.8962707473052793
3.105,nan,0.30805248269146135,0.8956196441140414
3.1075,nan,0.3075602917177821,0.8949693713246948
3.11,nan,0.30706928337845424,0.8943199277525108
3.1125000000000003,nan,0.3065794538522358,0.8936713122127355
3.115,nan,0.3060907993335945,0.8930235235206151
3.1175,nan,0.3056033160326257,0.8923765604914163
3.12,nan,0.30511700017497473,0.8917304219404448
3.1225,nan,0.3046318480017571,0.8910851066830701
3.125,nan,0.3041478557694797,0.8904406135347466
3.1275,nan,0.3036650197499644,0.8897969413110348
3.13,nan,0.30318333623026883,0.8891540888276174
3.1325000000000003,nan,0.3027028015126102,0.8885120549003269
3.1350000000000002,nan,0.30222341191428914,0.8878708383451615
3.1375,nan,0.30174516376761296,0.8872304379783045
3.14,nan,0.30126805341982077,0.8865908526161465
3.1425,nan,0.3007920772330073,0.8859520810753018
3.145,nan,0.3003172315840496,0.8853141221726342
3.1475,nan,0.299843512864532,0.884676974725266
3.15,nan,0.29937091748067224,0.884040637550603
3.1525,nan,0.2988994418532493,0.8834051094663555
3.1550000000000002,nan,0.298429082417529,0.8827703892905492
3.1575,nan,0.2979598356231932,0.8821364758415494
3.16,nan,0.2974916979342663,0.881503367938078
3.1625,nan,0.2970246658290451,0.880871064399227
3.165,nan,0.2965587358000269,0.8802395640444806
3.1675,nan,0.296093904353839,0.8796088656937316
3.17,nan,0.29563016801116865,0.8789789681672968
3.1725,nan,0.29516752330669327,0.8783498702859351
3.1750000000000003,nan,0.29470596678901084,0.8777215708708604
3.1775,nan,0.2942454950205711,0.8770940687437693
3.18,nan,0.29378610457760723,0.8764673627268396
3.1825,nan,0.2933277920500672,0.8758414516427647
3.185,nan,0.29287055404154655,0.875216334314753
3.1875,nan,0.2924143871692208,0.8745920095665584
3.19,nan,0.2919592880637789,0.8739684762224822
3.1925,nan,0.2915052533693561,0.8733457331074008
3.1950000000000003,nan,0.29105227974346837,0.8727237790467695
3.1975000000000002,nan,0.2906003638569466,0.8721026128666459
3.2,nan,0.2901495023938711,0.8714822333937003
3.2025,nan,0.2896996920515072,0.8708626394552315
3.205,nan,0.28925092954023957,0.8702438298791795
3.2075,nan,0.28880321158350936,0.8696258034941421
3.21,nan,0.28835653491774976,0.8690085591293877
3.2125,nan,0.28791089629232236,0.8683920956148665
3.215,nan,0.2874662924694552,0.8677764117812319
3.2175000000000002,nan,0.2870227202241783,0.8671615064598444
3.22,nan,0.2865801763442635,0.8665473784827905
3.2225,nan,0.286138657630161,0.8659340266828932
3.225,nan,0.28569816089493816,0.8653214498937288
3.2275,nan,0.2852586829642188,0.8647096469496338
3.23,nan,0.2848202206761221,0.8640986166857259
3.2325,nan,0.2843827708812018,0.8634883579379043
3.235,nan,0.2839463304423864,0.8628788695428753
3.2375000000000003,nan,0.28351089623491926,0.8622701503381537
3.24,nan,0.2830764651462998,0.861662199162081
3.2425,nan,0.2826430340762233,0.8610550148538374
3.245,nan,0.28221059993652325,0.8604485962534476
3.2475,nan,0.28177915965111217,0.8598429422017995
3.25,nan,0.281348710155924,0.8592380515406475
3.2525,nan,0.28091924839885646,0.8586339231126358
3.255,nan,0.28049077133971334,0.8580305557612965
3.2575000000000003,nan,0.2800632759501479,0.8574279483310663
3.2600000000000002,nan,0.2796367592136058,0.8568260996673004
3.2625,nan,0.2792112181252685,0.8562250086162768
3.265,nan,0.2787866496919984,0.855624674025212
3.2675,nan,0.27836305093228153,0.8550250947422673
3.27,nan,0.27794041887617316,0.8544262696165619
3.2725,nan,0.27751875056524244,0.8538281974981832
3.275,nan,0.2770980430525177,0.8532308772381915
3.2775,nan,0.27667829340243183,0.852634307688639
3.2800000000000002,nan,0.2762594986907681,0.8520384877025722
3.2825,nan,0.2758416560046071,0.8514434161340414
3.285,nan,0.2754247624422717,0.8508490918381147
3.2875,nan,0.27500881511327546,0.8502555136708844
3.29,nan,0.2745938111382686,0.8496626804894778
3.2925,nan,0.2741797476489858,0.8490705911520644
3.295,nan,0.273766621788194,0.8484792445178619
3.2975,nan,0.2733544307096401,0.8478886394471558
3.3000000000000003,nan,0.2729431715779995,0.8472987748012941
3.3025,nan,0.2725328415688248,0.8467096494427045
3.305,nan,0.2721234378684938,0.8461212622349051
3.3075,nan,0.2717149576741601,0.8455336120425042
3.31,nan,0.271307398193701,0.8449466977312134
3.3125,nan,0.2709007566456684,0.8443605181678557
3.315,nan,0.2704950302592383,0.8437750722203723
3.3175,nan,0.27009021627416135,0.8431903587578337
3.3200000000000003,nan,0.26968631194071285,0.8426063766504415
3.3225000000000002,nan,0.26928331451964455,0.8420231247695407
3.325,nan,0.268881221282135,0.8414406019876265
3.3275,nan,0.26848002950974104,0.8408588071783498
3.33,nan,0.2680797364943501,0.8402777392165282
3.3325,nan,0.2676803395381313,0.8396973969781474
3.335,nan,0.2672818359534883,0.8391177793403735
3.3375,nan,0.2668842230630117,0.838538885181558
3.34,nan,0.26648749819943124,0.8379607133812461
3.3425000000000002,nan,0.2660916587055696,0.8373832628201799
3.345,nan,0.26569670193429545,0.8368065323803088
3.3475,nan,0.26530262524847636,0.8362305209447958
3.35,nan,0.2649094260209334,0.8356552273980214
3.3525,nan,0.2645171016343952,0.8350806506255898
3.355,nan,0.2641256494814511,0.8345067895143414
3.3575,nan,0.26373506696450744,0.833933642952352
3.36,nan,0.26334535149574106,0.8333612098289407
3.3625000000000003,nan,0.26295650049705505,0.832789489034677
3.365,nan,0.2625685114000333,0.8322184794613884
3.3675,nan,0.26218138164589727,0.831648180002162
3.37,nan,0.2617951086854607,0.8310785895513519
3.3725,nan,0.26140968997908604,0.8305097070045891
3.375,nan,0.2610251229966409,0.8299415312587776
3.3775,nan,0.26064140521745455,0.8293740612121112
3.38,nan,0.26025853413027394,0.8288072957640713
3.3825000000000003,nan,0.2598765072332222,0.8282412338154305
3.3850000000000002,nan,0.2594953220337547,0.8276758742682672
3.3875,nan,0.25911497604861666,0.8271112160259623
3.39,nan,0.25873546680380116,0.8265472579932077
3.3925,nan,0.258356791834507,0.8259839990760081
3.395,nan,0.257978948685097,0.8254214381816919
3.3975,nan,0.2576019349090559,0.8248595742189105
3.4,nan,0.2572257480689494,0.8242984060976449
3.4025,nan,0.25685038573638336,0.8237379327292111
3.4050000000000002,nan,0.2564758454919618,0.8231781530262622
3.4075,nan,0.25610212492524703,0.8226190659027974
3.41,nan,0.2557292216347195,0.822060670274162
3.4125,nan,0.25535713322773623,0.8215029650570524
3.415,nan,0.25498585732049217,0.8209459491695243
3.4175,nan,0.254615391537979,0.8203896215309909
3.42,nan,0.2542457335139471,0.8198339810622303
3.4225,nan,0.2538768808908645,0.8192790266853918
3.4250000000000003,nan,0.2535088313198793,0.8187247573239944
3.4275,nan,0.2531415824607793,0.8181711719029355
3.43,nan,0.25277513198195384,0.8176182693484916
3.4325,nan,0.2524094775603555,0.8170660485883245
3.435,nan,0.25204461688146124,0.816514508551483
3.4375,nan,0.2516805476392343,0.8159636481684067
3.44,nan,0.2513172675360869,0.8154134663709321
3.4425,nan,0.25095477428284163,0.8148639620922915
3.4450000000000003,nan,0.2505930655986945,0.8143151342671211
3.4475000000000002,nan,0.2502321392111774,0.8137669818314633
3.45,nan,0.24987199285612066,0.8132195037227644
3.4525,nan,0.24951262427761697,0.8126726988798864
3.455,nan,0.2491540312279836,0.8121265662431058
3.4575,nan,0.24879621146772643,0.8115811047541158
3.46,nan,0.2484391627655037,0.8110363133560307
3.4625,nan,0.2480828828980895,0.8104921909933911
3.465,nan,0.24772736965033776,0.8099487366121594
3.4675000000000002,nan,0.24737262081514705,0.8094059491597331
3.47,nan,0.24701863419342437,0.8088638275849397
3.4725,nan,0.24666540759405,0.8083223708380421
3.475,nan,0.24631293883384212,0.8077815778707407
3.4775,nan,0.24596122573752235,0.8072414476361786
3.48,nan,0.24561026613767986,0.8067019790889375
3.4825,nan,0.2452600578747382,0.8061631711850508
3.485,nan,0.24491059879691868,0.8056250228819958
3.4875000000000003,nan,0.24456188676020843,0.8050875331387011
3.49,nan,0.2442139196283249,0.8045507009155465
3.4925,nan,0.24386669527268212,0.8040145251743707
3.495,nan,0.24352021157235698,0.803479004878469
3.4975,nan,0.243174466414056,0.8029441389925923
3.5,nan,0.2428294576920812,0.8024099264829561
3.5025,nan,0.24248518330829757,0.801876366317239
3.505,nan,0.2421416411720998,0.8013434574645866
3.5075000000000003,nan,0.24179882920037896,0.8008111988956097
3.5100000000000002,nan,0.24145674531749067,0.800279589582392
3.5125,nan,0.24111538745522174,0.7997486284984838
3.515,nan,0.24077475355275832,0.799218314618914
3.5175,nan,0.24043484155665293,0.7986886469201826
3.52,nan,0.2400956494207935,0.7981596243802708
3.5225,nan,0.23975717510637085,0.7976312459786316
3.525,nan,0.23941941658184693,0.7971035106962042
3.5275,nan,0.23908237182292352,0.7965764175154068
3.5300000000000002,nan,0.23874603881251086,0.796049965420141
3.5325,nan,0.23841041554069606,0.7955241533957947
3.535,nan,0.2380755000047128,0.7949989804292394
3.5375,nan,0.2377412902089094,0.7944744455088362
3.54,nan,0.23740778416471897,0.7939505476244358
3.5425,nan,0.23707497989062834,0.7934272857673756
3.545,nan,0.2367428754121479,0.7929046589304867
3.5475,nan,0.23641146876178126,0.7923826661080952
3.5500000000000003,nan,0.23608075797899467,0.7918613062960177
3.5525,nan,0.23575074111018832,0.7913405784915676
3.555,nan,0.2354214162086651,0.7908204816935539
3.5575,nan,0.23509278133460143,0.7903010149022837
3.56,nan,0.23476483455501826,0.7897821771195609
3.5625,nan,0.2344375739437515,0.7892639673486902
3.565,nan,0.23411099758142223,0.7887463845944765
3.5675,nan,0.23378510355540838,0.7882294278632245
3.5700000000000003,nan,0.2334598899598153,0.787713096162744
3.5725000000000002,nan,0.23313535489544776,0.7871973885023422
3.575,nan,0.23281149646978044,0.7866823038928337
3.5775,nan,0.23248831279692975,0.7861678413465387
3.58,nan,0.23216580199762585,0.7856539998772804
3.5825,nan,0.23184396219918443,0.7851407785003875
3.585,nan,0.2315227915354782,0.7846281762326959
3.5875,nan,0.23120228814690938,0.7841161920925476
3.59,nan,0.23088245018038184,0.7836048250997943
3.5925000000000002,nan,0.23056327578927374,0.7830940742757934
3.595,nan,0.23024476313340986,0.7825839386434134
3.5975,nan,0.229926910379034,0.7820744172270306
3.6,nan,0.22960971569878208,0.7815655090525305
3.6025,nan,0.22929317727165516,0.7810572131473074
3.605,nan,0.22897729328299254,0.7805495285402702
3.6075,nan,0.22866206192444474,0.7800424542618345
3.61,nan,0.22834748139394687,0.7795359893439282
3.6125000000000003,nan,0.22803354989569236,0.7790301328199905
3.615,nan,0.22772026564010647,0.778524883724972
3.6175,nan,0.22740762684381982,0.7780202410953352
3.62,nan,0.22709563172964264,0.7775162039690542
3.6225,nan,0.22678427852653837,0.777012771385615
3.625,nan,0.22647356546959846,0.776509942386016
3.6275,nan,0.2261634908000157,0.7760077160127686
3.63,nan,0.22585405276505946,0.7755060913098948
3.6325000000000003,nan,0.22554524961804978,0.7750050673229291
3.6350000000000002,nan,0.2252370796183321,0.7745046430989198
3.6375,nan,0.22492954103125234,0.7740048176864277
3.64,nan,0.22462263212813116,0.7735055901355231
3.6425,nan,0.22431635118623958,0.7730069594977909
3.645,nan,0.22401069648877384,0.7725089248263269
3.6475,nan,0.22370566632483108,0.772011485175739
3.65,nan,0.22340125898938384,0.7715146396021473
3.6525,nan,0.22309747278325676,0.7710183871631839
3.6550000000000002,nan,0.22279430601310113,0.7705227269179901
3.6575,nan,0.22249175699137164,0.7700276579272192
3.66,nan,0.22218982403630144,0.769533179253037
3.6625,nan,0.2218885054718785,0.7690392899591183
3.665,nan,0.2215877996278219,0.7685459891106469
3.6675,nan,0.22128770483955781,0.7680532757743184
3.67,nan,0.22098821944819558,0.7675611490183373
3.6725,nan,0.22068934180050523,0.7670696079124172
3.6750000000000003,nan,0.22039107024889276,0.7665786515277789
3.6775,nan,0.22009340315137768,0.766088278937153
3.68,nan,0.2197963388715695,0.7655984892147779
3.6825,nan,0.21949987577864483,0.7651092814363984
3.685,nan,0.2192040122473244,0.7646206546792653
3.6875,nan,0.2189087466578499,0.7641326080221386
3.69,nan,0.2186140773959618,0.7636451405452787
3.6925,nan,0.21832000285287637,0.7631582513304578
3.6950000000000003,nan,0.2180265214252631,0.7626719394609465
3.6975000000000002,nan,0.2177336315152225,0.7621862040215219
3.7,nan,0.21744133153026374,0.7617010440984637
3.7025,nan,0.21714961988328235,0.7612164587795546
3.705,nan,0.21685849499253834,0.7607324471540772
3.7075,nan,0.21656795528163444,0.7602490083128199
3.71,nan,0.21627799917949347,0.759766141348065
3.7125,nan,0.21598862512033706,0.7592838453535998
3.715,nan,0.21569983154366446,0.7588021194247061
3.7175000000000002,nan,0.21541161689422994,0.7583209626581666
3.72,nan,0.21512397962202254,0.7578403741522621
3.7225,nan,0.2148369181822438,0.7573603530067645
3.725,nan,0.21455043103528645,0.7568808983229497
3.7275,nan,0.2142645166467145,0.7564020092035789
3.73,nan,0.2139791734872407,0.7559236847529134
3.7325,nan,0.2136944000327068,0.7554459240767054
3.735,nan,0.21341019476406178,0.7549687262821992
3.7375000000000003,nan,0.2131265561673419,0.7544920904781303
3.74,nan,0.2128434827336494,0.7540160157747238
3.7425,nan,0.21256097295913276,0.7535405012836935
3.745,nan,0.21227902534496518,0.7530655461182434
3.7475,nan,0.2119976383973254,0.7525911493930615
3.75,nan,0.21171681062737682,0.7521173102243246
3.7525,nan,0.21143654055124733,0.7516440277296931
3.755,nan,0.2111568266900094,0.75117130102831
3.7575000000000003,nan,0.21087766756966028,0.7506991292408046
3.7600000000000002,nan,0.21059906172110207,0.7502275114892857
3.7625,nan,0.21032100768012185,0.7497564468973423
3.765,nan,0.21004350398737198,0.7492859345900451
3.7675,nan,0.2097665491883505,0.7488159736939412
3.77,nan,0.2094901418333822,0.7483465633370553
3.7725,nan,0.20921428047759835,0.7478777026488885
3.775,nan,0.2089389636809183,0.747409390760418
3.7775,nan,0.20866419000802963,0.7469416268040924
3.7800000000000002,nan,0.20838995802836915,0.7464744099138338
3.7825,nan,0.2081162663161043,0.746007739225037
3.785,nan,0.20784311345011366,0.7455416138745636
3.7875,nan,0.2075704980139685,0.7450760330007479
3.79,nan,0.20729841859591386,0.7446109957433878
3.7925,nan,0.20702687378884993,0.7441465012437506
3.795,nan,0.20675586219031353,0.7436825486445656
3.7975,nan,0.20648538240245967,0.7432191370900287
3.8000000000000003,nan,0.20621543303204257,0.7427562657257956
3.8025,nan,0.20594601269039844,0.7422939336989847
3.805,nan,0.20567711999342647,0.7418321401581723
3.8075,nan,0.20540875356157068,0.7413708842533949
3.81,nan,0.2051409120198021,0.7409101651361444
3.8125,nan,0.20487359399760105,0.7404499819593684
3.815,nan,0.20460679812893862,0.73999033387747
3.8175,nan,0.20434052305225933,0.7395312200463015
3.8200000000000003,nan,0.20407476741046343,0.73907263962317
3.8225000000000002,nan,0.20380952985088882,0.7386145917668315
3.825,nan,0.20354480902529434,0.7381570756374892
3.8275,nan,0.20328060358984118,0.7377000903967948
3.83,nan,0.20301691220507642,0.7372436352078444
3.8325,nan,0.20275373353591525,0.7367877092351767
3.835,nan,0.20249106625162389,0.7363323116447769
3.8375,nan,0.20222890902580268,0.735877441604068
3.84,nan,0.2019672605363684,0.7354230982819112
3.8425000000000002,nan,0.20170611946553782,0.7349692808486112
3.845,nan,0.20144548449981062,0.7345159884759027
3.8475,nan,0.20118535432995255,0.7340632203369599
3.85,nan,0.20092572765097869,0.7336109756063885
3.8525,nan,0.20066660316213683,0.733159253460225
3.855,nan,0.20040797956689074,0.7327080530759378
3.8575,nan,0.20014985557290368,0.7322573736324244
3.86,nan,0.19989222989202227,0.7318072143100068
3.8625000000000003,nan,0.19963510124025938,0.7313575742904339
3.865,nan,0.19937846833777892,0.7309084527568794
3.8675,nan,0.19912232990887851,0.7304598488939377
3.87,nan,0.19886668468197422,0.7300117618876244
3.8725,nan,0.1986115313895838,0.729564190925374
3.875,nan,0.19835686876831135,0.7291171351960389
3.8775,nan,0.19810269555883087,0.7286705938898862
3.88,nan,0.19784901050587075,0.7282245661985968
3.8825000000000003,nan,0.1975958123581975,0.7277790513152645
3.8850000000000002,nan,0.19734309986860116,0.7273340484343945
3.8875,nan,0.1970908717938781,0.7268895567518998
3.89,nan,0.19683912689481667,0.7264455754651022
3.8925,nan,0.19658786393618144,0.7260021037727273
3.895,nan,0.19633708168669758,0.725559140874905
3.8975,nan,0.19608677891903545,0.7251166859731681
3.9,nan,0.1958369544097958,0.7246747382704495
3.9025000000000003,nan,0.1955876069394938,0.7242332969710797
3.9050000000000002,nan,0.19533873529254495,0.7237923612807888
3.9075,nan,0.19509033825724886,0.7233519304067006
3.91,nan,0.19484241462577528,0.7229120035573309
3.9125,nan,0.1945949631941484,0.7224725799425892
3.915,nan,0.19434798276223236,0.7220336587737756
3.9175,nan,0.19410147213371637,0.7215952392635769
3.92,nan,0.19385543011610037,0.7211573206260665
3.9225,nan,0.19360985552067933,0.7207199020767017
3.9250000000000003,nan,0.19336474716252985,0.7202829828323248
3.9275,nan,0.19312010386049502,0.7198465621111588
3.93,nan,0.19287592443717008,0.7194106391328032
3.9325,nan,0.192632207718888,0.7189752131182373
3.935,nan,0.19238895253570473,0.7185402832898159
3.9375,nan,0.19214615772138616,0.7181058488712683
3.94,nan,0.19190382211339235,0.7176719090876932
3.9425,nan,0.19166194455286475,0.7172384631655625
3.9450000000000003,nan,0.191420523884611,0.7168055103327149
3.9475000000000002,nan,0.19117955895709207,0.7163730498183539
3.95,nan,0.1909390486224073,0.7159410808530517
3.9525,nan,0.1906989917362806,0.7155096026687389
3.955,nan,0.19045938715804794,0.7150786144987115
3.9575,nan,0.19022023375064154,0.7146481155776204
3.96,nan,0.18998153038057783,0.7142181051414765
3.9625,nan,0.18974327591794324,0.7137885824276445
3.9650000000000003,nan,0.18950546923638018,0.7133595466748428
3.9675000000000002,nan,0.18926810921307444,0.7129309971231425
3.97,nan,0.18903119472874091,0.7125029330139633
3.9725,nan,0.18879472466761052,0.7120753535900722
3.975,nan,0.1885586979174171,0.7116482580955841
3.9775,nan,0.18832311336938384,0.7112216457759559
3.98,nan,0.1880879699182101,0.7107955158779866
3.9825,nan,0.18785326646205833,0.7103698676498182
3.985,nan,0.1876190019025411,0.7099447003409276
3.9875000000000003,nan,0.1873851751447075,0.7095200132021287
3.99,nan,0.1871517850970311,0.7090958054855715
3.9925,nan,0.18691883067139617,0.7086720764447375
3.995,nan,0.1866863107830851,0.7082488253344391
3.9975,nan,0.18645422435076586,0.7078260514108158
4.0,nan,0.18622257029647885,0.7074037539313364
