method,N,lambda_minus_exact,lambda_minus_asymptotic
FE,4,-0.0203497613438591809868051048648,-0.0168088388356246950468025473861
FE,5,-0.0156318431988186513863173752300,-0.0134470710684997560374420379089
FE,6,-0.0126876180633295302850476127580,-0.0112058925570831300312016982574
FE,7,-0.0106757838120351086346896317710,-0.00960505076321411145531574136351
FE,8,-0.00921422341515704138114998969220,-0.00840441941781234752340127369307
FE,9,-0.00810444093259240007733828246687,-0.00747059503805542002080113217162
FE,10,-0.00723312827861621628752009085162,-0.00672353553424987801872101895445
FE,11,-0.00653090612463469507673357390508,-0.00611230503113625274429183541314
FE,12,-0.00595292161370960353512793772296,-0.00560294627854156501560084912871
FE,13,-0.00546889281323701128591892324819,-0.00517195041096144462978539919573
FE,14,-0.00505763744676221775809924983363,-0.00480252538160705572765787068175
FE,15,-0.00470389431270328298126608494797,-0.00448235702283325201248067930297
FE,16,-0.00439638986307434255009001016420,-0.00420220970890617376170063684653
FE,18,-0.00388803043653384954676823642945,-0.00373529751902771001040056608581
FE,19,-0.00367552141152721970516342931543,-0.00353870291276309369406369418655
FE,20,-0.00348503574977601085982123838720,-0.00336176776712493900936050947723
FE,22,-0.00315772747963923569021480106426,-0.00305615251556812637214591770657
FE,23,-0.00301609208907791250772562240169,-0.00292327631923907739944392128455
FE,25,-0.00276779742252171915587521659406,-0.00268941421369995120748840758178
FE,26,-0.00265837312242292513176299682386,-0.00258597520548072231489269959787
FE,28,-0.00246357722873735541618455771991,-0.00240126269080352786382893534088
FE,30,-0.00229537847584549543639223532472,-0.00224117851141662600624033965148
FE,32,-0.00214867795289246145185849109479,-0.00210110485445308688085031842327
FE,35,-0.00196070924404991546540901486704,-0.00192101015264282229106314827270
FE,37,-0.00185265999955541291732289209908,-0.00181717176601348054560027539310
FE,39,-0.00175589694777716678796255057180,-0.00172398347032048154326179973191
FE,42,-0.00162832688662637152695512046837,-0.00160084179386901857588595689392
FE,45,-0.00151803736508410065296894862667,-0.00149411900761108400416022643432
FE,48,-0.00142173997835073899097566589195,-0.00140073656963539125390021228218
FE,51,-0.00133693089430544108901489921754,-0.00131834030083330941543549391264
FE,55,-0.00123843135820209142806950139404,-0.00122246100622725054885836708263
FE,59,-0.00115344971736743247693652040365,-0.00113958229394065729130864728042
FE,63,-0.00107938194093793452167834000798,-0.00106722786257934571725730459595
FE,67,-0.00101425247361080907430403012780,-0.00100351276630595194309268939619
FE,72,-0.000943118144594136735806962752744,-0.000933824379756927502600141521452
FE,77,-0.000881307761110423819844941285687,-0.000873186433019464677755976487591
FE,82,-0.000827100885165343301585628267710,-0.000819943357835350977892807189568
FE,87,-0.000779175820175572778205535271364,-0.000772820176350560691807013672926
FE,93,-0.000728520216252040507573878886871,-0.000722960810134395485883980532737
FE,100,-0.000677159595619648773718417865710,-0.000672353553424987801872101895445
FE,107,-0.000632563854786633297416312847554,-0.000628367806939240936329067192005
FE,114,-0.000593479043116307528170810989078,-0.000589783818793848949010615697759
FE,122,-0.000554334791881922897130608579387,-0.000551109470020481804813198274955
FE,130,-0.000520034709929240792639969199163,-0.000517195041096144462978539919573
FE,139,-0.000486190658378798286386147834400,-0.000483707592392077555303670428378
FE,148,-0.000456482590656797986521017256754,-0.000454292941503370136400068848274
FE,158,-0.000427460955028418971054851412591,-0.000425540223686701140425380946484
FE,169,-0.000399520735739458096387547098298,-0.000397842339304726509983492245826
FE,181,-0.000372928913685910367438481079877,-0.000371466051616015360150332538920
FE,193,-0.000349656045215084682806826432125,-0.000348369716800511814441503572770
FE,206,-0.000327514086488040277353155363991,-0.000326385220109217379549564026915
FE,220,-0.000306604822824571432826758200386,-0.000305615251556812637214591770657
FE,235,-0.000286975011329370912752561446009,-0.000286107895074462894413660381041
FE,251,-0.000268629902771367751207487484758,-0.000267869941603580797558606332847
FE,268,-0.000251544691540830889884443713521,-0.000250878191576487985773172349047
FE,287,-0.000234850614075338492309863878138,-0.000234269530810100279397944911305
FE,306,-0.000220234476727614242228621462560,-0.000219723383472218235905915652106
FE,327,-0.000206060204458156033311774555950,-0.000205612707469415229930306390044
FE,349,-0.000193044257550987751440375180088,-0.000192651447972775874461920313881
FE,373,-0.000180599491053075032402133334429,-0.000180255644349862681467051446500
FE,398,-0.000169235028184757213207167151989,-0.000168933053624368794440226606896
FE,425,-0.000158465634294500573343362148963,-0.000158200836099997129852259269517
FE,454,-0.000148327524192684311511259064012,-0.000148095496349116255918965175208
FE,485,-0.000138832895126824307012830679198,-0.000138629598644327381829299359886
FE,518,-0.000129976187486428085864501886474,-0.000129797983286677181828591099507
FE,554,-0.000121519241585014869490521809043,-0.000121363457296929206114097815062
FE,591,-0.000113902285837321284756943825012,-0.000113765406670894721128951251344
FE,632,-0.000106504743250245435553254466757,-0.000106385055921675285106345236621
FE,674,-0.0000998609491322897543460718360752,-0.0000997557200927281605151486491759
FE,720,-0.0000934746451085348786321695554103,-0.0000933824379756927502600141521452
FE,769,-0.0000875130178959744628119861568307,-0.0000874321916027292330132772295768
FE,822,-0.0000818655719081965083811560360149,-0.0000817948361830885403737350237768
FE,878,-0.0000766398506865169578436475710398,-0.0000765778534652605696893054550621
FE,937,-0.0000718104152502637270605097798543,-0.0000717559822225173747995839803037
FE,1001,-0.0000672158801823519678312620794607,-0.0000671681871553434367504597298147
FE,1069,-0.0000629373783430692645638476944869,-0.0000628955615926087747307859584140
FE,1142,-0.0000589117323866753036815443507325,-0.0000588750922438693346648075214926
FE,1219,-0.0000551883133246327289070150503439,-0.0000551561569667750452725268166895
FE,1302,-0.0000516682441634255431436592563110,-0.0000516400578667425347059986094812
FE,1391,-0.0000483606791985226523116112200050,-0.0000483359851491723797176205532312
FE,1485,-0.0000452979996888289508029397648985,-0.0000452763335639722425503098919492
FE,1586,-0.0000424120301397962962865746208067,-0.0000423930361554216772933229442273
FE,1694,-0.0000397069412759511411975598560942,-0.0000396902924099756671707262039814
FE,1809,-0.0000371817385258623399978100552216,-0.0000371671394928130349293588665255
FE,1932,-0.0000348137076017359772308170976853,-0.0000348009085623699690409990629113
FE,2063,-0.0000326022842474213742966514113143,-0.0000325910593031986331493990254700
FE,2204,-0.0000305158940637594150615751520995,-0.0000305060595927852904660663291944
FE,2354,-0.0000285707939579267199191538500827,-0.0000285621730426927698331394178184
FE,2513,-0.0000267625804446831446728887984784,-0.0000267550160535212018253920372243
FE,2684,-0.0000250570615773985240114765524582,-0.0000250504304554764456733271943161
FE,2867,-0.0000234572783350377618899207625556,-0.0000234514668093822044601360968066
FE,3062,-0.0000219630815450227596520425191954,-0.0000219579867219133834706760906416
FE,3270,-0.0000205657379768865237524905929705,-0.0000205612707469415229930306390044
FE,3492,-0.0000192580281615285836082444529811,-0.0000192541109228232474762915777619
FE,3729,-0.0000180338334171005832898325418929,-0.0000180303983219358488032207534311
FE,3983,-0.0000168835922195431588155722425960,-0.0000168805813061759428037183503752
FE,4253,-0.0000158115650977966554473311801435,-0.0000158089243692684646572325863025
FE,4543,-0.0000148020843794070876538285768091,-0.0000147997700511773674195928218236
FE,4851,-0.0000138621318684913765106413819848,-0.0000138601021114200742500948648824
FE,5181,-0.0000129790724689897687199998492935,-0.0000129772930597372669730187588389
FE,5533,-0.0000121532600561389429918456835298,-0.0000121516998630939418375583209009
FE,5909,-0.0000113798339021956973220686076970,-0.0000113784659574376003024556083169
FE,6311,-0.0000106548761831075517190584652183,-0.0000106536769675960672139455220321
FE,6740,-0.00000997662341672838779576340222424,-0.00000997557200927281605151486491759
FE,7198,-0.00000934176033410267352041390633520,-0.00000934083847492342042056268262636
FE,7687,-0.00000874743966927015596227852031602,-0.00000874663137017025890298038110375
FE,8209,-0.00000819115283292004079763255264571,-0.00000819044406657312464212573876776
FE,8767,-0.00000766976197780733902829452876500,-0.00000766914056604297709446905321599
FE,9363,-0.00000718150768450692060375375100909,-0.00000718096286900553029875148879040
FE,10000,-0.00000672401314890703556797551147696,-0.00000672353553424987801872101895445
SSP3,4,-0.000189791721357016940607636236563,-0.000153205562303870918395335718363
SSP3,5,-0.0000931038016351819405706799104609,-0.0000784412478995819102184118878020
SSP3,6,-0.0000523635873206505472932598400130,-0.0000453942406826284202652846572928
SSP3,7,-0.0000323096769998983253616528580665,-0.0000285864606048039031408206588200
SSP3,8,-0.0000213163517613382630315321552031,-0.0000191506952879838647994169647954
SSP3,9,-0.0000147940476809363959402490567918,-0.0000134501453874454578563806391979
SSP3,10,-0.0000106826611498193876827335828707,-0.00000980515598744773877730148597525
SSP3,11,-0.00000796375481042479197858703035173,-0.00000736675881851821095214236361777
SSP3,12,-0.00000609442085738843488247823782781,-0.00000567428008532855253316058216160
SSP3,13,-0.00000476716381534268009937122134931,-0.00000446297496014917559276353480894
SSP3,14,-0.00000379892551600849412726828316659,-0.00000357330757560048789260258235249
SSP3,15,-0.00000307608632043778297251546379734,-0.00000290523140368821889697821806674
SSP3,16,-0.00000252558100490164487455035250857,-0.00000239383691099798309992712059943
SSP3,18,-0.00000176326914947353136569917791928,-0.00000168126817343068223204757989973
SSP3,19,-0.00000149550142477917869272904638269,-0.00000142953141674409371297586907352
SSP3,20,-0.00000127931649252368683600113320475,-0.00000122564449843096734716268574691
SSP3,22,-0.000000957431717096097252339658148152,-0.000000920844852314776369017795452221
SSP3,23,-0.000000836482058917145033290246484386,-0.000000805881152909323479682870549457
SSP3,25,-0.000000649419388707858588008291055843,-0.000000627529983196655281747295102416
SSP3,26,-0.000000576570613473164378074761011734,-0.000000557871870018646949095441851118
SSP3,28,-0.000000460548870182183579591231444281,-0.000000446663446950060986575322794062
SSP3,30,-0.000000373679851687502279889677527122,-0.000000363153925461027362122277258342
SSP3,32,-0.000000307353340479289127802082020903,-0.000000299229613874747887490890074928
SSP3,35,-0.000000234361664438695725653394569410,-0.000000228691684838431225126565270560
SSP3,37,-0.000000198111913384628870401346404443,-0.000000193575029858996284075997196124
SSP3,39,-0.000000168968586218198681771435871541,-0.000000165295368894413910843093881813
SSP3,42,-0.000000135073483129121014077228969231,-0.000000132344725022240292318614161204
SSP3,45,-0.000000109670422946956651326494443520,-0.000000107601163099563662851045113583
SSP3,48,-0.0000000902581238007296248962095619414,-0.0000000886606263332586333306340962750
SSP3,51,-0.0000000751697782634606085471727612869,-0.0000000739169398455174765158309094937
SSP3,55,-0.0000000598597446898564528466839460351,-0.0000000589340705481456876171389089421
SSP3,59,-0.0000000484404320610049453297892326890,-0.0000000477417651631750995832168136725
SSP3,63,-0.0000000397504254361073889726085687616,-0.0000000392132518584415680944041959122
SSP3,67,-0.0000000330206975210576754085793755243,-0.0000000326009382385723602215082506001
SSP3,72,-0.0000000265844274376653461343553377321,-0.0000000262698152098544098757434359333
SSP3,77,-0.0000000217178528113307327576164741881,-0.0000000214774309577790406767998939293
SSP3,82,-0.0000000179701916474376434000899412826,-0.0000000177833243631254239950477466506
SSP3,87,-0.0000000150374985327821137404697808162,-0.0000000148900703374893338030373224955
SSP3,93,-0.0000000123029271088475375365786243759,-0.0000000121900548978224081810707011628
SSP3,100,-0.00000000988956290046633065065454019704,-0.00000000980515598744773877730148597525
SSP3,107,-0.00000000806830350172567932542006148123,-0.00000000800392801513721459352976669002
SSP3,114,-0.00000000666815024298355903468755259086,-0.00000000661820100344487830081420867368
SSP3,122,-0.00000000543783855464372823346956182978,-0.00000000539976693393265227998240269849
SSP3,130,-0.00000000449249880576294003819023112641,-0.00000000446297496014917559276353480894
SSP3,139,-0.00000000367356912656798563460611542088,-0.00000000365098548507727223306860949943
SSP3,148,-0.00000000304217792879895515397048958192,-0.00000000302460984154681693868745618943
SSP3,158,-0.00000000249942035145473252571605491385,-0.00000000248589766414212130716370458910
SSP3,169,-0.00000000204172428502300298603156848707,-0.00000000203139506606698934581863213880
SSP3,181,-0.00000000166140474646436495919825545695,-0.00000000165355552417006725543349801876
SSP3,193,-0.00000000136997098051176098206626221976,-0.00000000136390015929039633116019054728
SSP3,206,-0.00000000112631511686851168417628351142,-0.00000000112163834007118644195914052358
SSP3,220,-9.24439588522571238195275606683e-10,-9.20844852314776369017795452221e-10
SSP3,235,-7.58289401369197046732770057661e-10,-7.55528619858623910100959207516e-10
SSP3,251,-6.22180551063922083441725946073e-10,-6.20059467053785383998615210449e-10
SSP3,268,-5.11021457675108948685156602585e-10,-5.09389659977693128461066415627e-10
SSP3,287,-4.16012013518867616116973326812e-10,-4.14771413717211055278081554533e-10
SSP3,306,-3.43167970613663334764951349218e-10,-3.42208054840358687573291247656e-10
SSP3,327,-2.81157480196036960986186039617e-10,-2.80421461960332442070623328391e-10
SSP3,349,-2.31230361392926205121053025471e-10,-2.30663154073966128020542079083e-10
SSP3,373,-1.89376468084927779119448119484e-10,-1.88941784011157326753911856008e-10
SSP3,398,-1.55862128575675640640986115072e-10,-1.55526819526151165306429847135e-10
SSP3,425,-1.27986336811233950346304130668e-10,-1.27728472053054199419355811605e-10
SSP3,454,-1.04980078042472720388201198307e-10,-1.04782063906955892094010596223e-10
SSP3,485,-8.60987458006225193501590876913e-11,-8.59467168411708357959662308428e-11
SSP3,518,-7.06616646895601968165472855136e-11,-7.05448359544447099402322143307e-11
SSP3,554,-5.77560057635482685291372031928e-11,-5.76667150701457159558508887228e-11
SSP3,591,-4.75687714672171594075153949752e-11,-4.74998310038015623465692593864e-11
SSP3,632,-3.88948661322160012645337115240e-11,-3.88421510022206454244328842047e-11
SSP3,674,-3.20646956754221105926702904638e-11,-3.20239439904144691959495505041e-11
SSP3,720,-2.63011075069804919762419875094e-11,-2.62698152098544098757434359333e-11
SSP3,769,-2.15853732261946468879205650167e-11,-2.15613270778165618199987193045e-11
SSP3,822,-1.76722528793365834752052017596e-11,-1.76538346476070847780466770968e-11
SSP3,878,-1.45008993468394480956175124270e-11,-1.44867497967923834796896102784e-11
SSP3,937,-1.19297959763242954207612567047e-11,-1.19188878811405837316268157467e-11
SSP3,1001,-9.78417373951929317679775274447e-12,-9.77579925251663207865265995874e-12
SSP3,1069,-8.03284925491469480722663302461e-12,-8.02641094587767081793389192377e-12
SSP3,1142,-6.58843341695886970789854797718e-12,-6.58349022993346284563733054355e-12
SSP3,1219,-5.41687440245728468988071530887e-12,-5.41306684651976785993048321404e-12
SSP3,1302,-4.44536538071912320258189196158e-12,-4.44243983156793301059427884943e-12
SSP3,1391,-3.64536259093142334552330997038e-12,-3.64311698458680682454700350024e-12
SSP3,1485,-2.99588971152592323963233250649e-12,-2.99416097892321737627083823310e-12
SSP3,1586,-2.45911970569156952336610584486e-12,-2.45779104867212211196285967159e-12
SSP3,1694,-2.01805982647085524511274251967e-12,-2.01703897049014281337339349449e-12
SSP3,1809,-1.65708423191385947765555901222e-12,-1.65629925512230657021329322766e-12
SSP3,1932,-1.36027218710003518187052499016e-12,-1.35966882779485793867237364596e-12
SSP3,2063,-1.11721630590431349825282620001e-12,-1.11675221672192646789031856538e-12
SSP3,2204,-9.16196514589440486039380503220e-13,-9.15840271705542017518059546258e-13
SSP3,2354,-7.51957452422860151794281613640e-13,-7.51683697890422106830368772542e-13
SSP3,2513,-6.18052222037207631693298449459e-13,-6.17841450398531208407830747713e-13
SSP3,2684,-5.07277577118301578944996833334e-13,-5.07115602360316705482945407446e-13
SSP3,2867,-4.16199226524206659628350352495e-13,-4.16074814554204928001109788659e-13
SSP3,3062,-3.41633554665025391689142498090e-13,-3.41537934819062876487734140901e-13
SSP3,3270,-2.80494976609685163924615615779e-13,-2.80421461960332442070623328391e-13
SSP3,3492,-2.30323580671219546274334213718e-13,-2.30267052579440039319611172311e-13
SSP3,3729,-1.89137299299633239612763258199e-13,-1.89093829430914461262779071542e-13
SSP3,3983,-1.55209052699531887991970891764e-13,-1.55175655239512571844574488214e-13
SSP3,4253,-1.27484059998431978120738225988e-13,-1.27458369640626805812610562562e-13
SSP3,4543,-1.04594352683950706284127354591e-13,-1.04574620373938137184424376053e-13
SSP3,4851,-8.59087540701132089303614928642e-14,-8.58935758388584573172239376171e-14
SSP3,5181,-7.05156607674667899947527600766e-14,-7.05039956413208797795391588324e-14
SSP3,5533,-5.78948289428003564167198176894e-14,-5.78858608760561142717847480195e-14
SSP3,5909,-4.75308449474824764907388821691e-14,-4.75239507550355485293935765824e-14
SSP3,6311,-3.90138627067625987140675587663e-14,-3.90085643081808510839967795187e-14
SSP3,6740,-3.20280168165831189889032183503e-14,-3.20239439904144691959495505041e-14
SSP3,7198,-2.62948499136051967109568275553e-14,-2.62917188901136546578881127013e-14
SSP3,7687,-2.15889882598455555741514558302e-14,-2.15865811022820036231751209352e-14
SSP3,8209,-1.77267486574494777488398274692e-14,-1.77248978149074558149088145200e-14
SSP3,8767,-1.45527124497816220218187490997e-14,-1.45512897114911207217822230757e-14
SSP3,9363,-1.19467340213755863368993593506e-14,-1.19456403984772342391467010185e-14
SSP3,10000,-9.80599646557607507790486840454e-15,-9.80515598744773877730148597525e-15
