scenario,theta,kappa,varpi,policy,global_normalized_choi_error,minimum_step_choi_eigenvalue,accepted_steps,rejected_error,rejected_cp,fallback_steps,rhs_stage_evaluations
boundary,0.0,0.0,2.0,error_only,0.0015525669324113118,-0.0015839372341778556,4,2,0,0,72
boundary,0.0,0.0,2.0,certified_guard,1.2503018502842157e-05,-6.190180214959323e-28,4,2,4,4,120
boundary,0.0,0.0,2.0,rotating_frame,0.00034661010309685605,0.0,2,0,0,0,24
buffered,0.001,0.001,2.0,error_only,0.0015501150685405989,-0.000943550332333541,4,2,0,0,72
buffered,0.001,0.001,2.0,certified_guard,0.0005089247772967452,7.84289928907428e-05,4,2,3,0,108
buffered,0.001,0.001,2.0,rotating_frame,0.0003462913700703115,0.00045115979859366995,2,0,0,0,24
near_saddle,0.0,0.0,1.64,error_only,0.0008835542539929666,-0.0011849384762082547,3,2,0,0,60
near_saddle,0.0,0.0,1.64,certified_guard,2.702485246802601e-05,-1.2398013792881978e-27,3,1,3,3,84
near_saddle,0.0,0.0,1.64,rotating_frame,0.00034661010309685876,-2.283360362351578e-28,2,0,0,0,24
